ctime,schemaname,relname,seq_scan,seq_tup_read,idx_scan,idx_tup_fetch,n_tup_ins,n_tup_upd,n_tup_del,n_tup_hot_upd,n_live_tup,n_dead_tup,heap_blks_read,heap_blks_hit,idx_blks_read,idx_blks_hit,toast_blks_read,toast_blks_hit,tidx_blks_read,tidx_blks_hit
1430598543.8347,public,orders,6,180000,2,2,30003,0,0,0,30003,0,489,1934,10,20,,,,
1430598543.8347,pg_catalog,pg_operator,3,2295,268,1695,0,0,0,0,765,0,42,1173,20,598,,,,
1430598543.8347,pg_catalog,pg_extension,3,3,0,0,0,0,0,0,1,0,2,2,0,0,,,,
1430598543.8347,pg_catalog,pg_authid,374,374,8914,8914,0,0,0,0,1,0,35,9262,122,17706,,,,
1430598543.8347,pg_catalog,pg_statistic,2,798,1196,1017,92,399,0,180,92,297,58,1990,13,3048,32,276,4,235
1430598543.8347,pg_catalog,pg_opfamily,3,258,0,0,0,0,0,0,86,0,4,4,0,0,,,,
1430598543.8347,pg_catalog,pg_shdescription,22,63,9,0,0,0,0,0,3,0,19,12,19,0,0,0,0,0
1430598543.8347,public,district,32,260,0,0,10,10,0,10,10,10,3,38,1,12,,,,
1430598543.8347,pg_catalog,pg_event_trigger,3,0,27,0,0,0,0,0,0,0,0,0,2,25,,,,
1430598543.8347,pg_catalog,pg_user_mapping,3,0,0,0,0,0,0,0,0,0,0,0,0,0,,,,
1430598543.8347,pg_catalog,pg_inherits,3,0,84,0,0,0,0,0,0,0,0,0,2,82,,,,
1430598543.8347,pg_toast,pg_toast_3596,0,0,0,0,0,0,0,0,0,0,0,0,0,0,,,,
1430598543.8347,pg_catalog,pg_rewrite,3,327,2,2,0,0,0,0,109,0,23,23,2,2,45,39,8,122
1430598543.8347,pg_catalog,pg_foreign_data_wrapper,3,0,0,0,0,0,0,0,0,0,0,0,0,0,,,,
1430598543.8347,pg_catalog,pg_largeobject_metadata,2,0,0,0,0,0,0,0,0,0,0,0,0,0,,,,
1430598543.8347,pg_catalog,pg_opclass,7,388,373,5003,0,0,0,0,128,0,9,1780,12,470,,,,
1430598543.8347,pg_catalog,pg_attrdef,3,0,0,0,0,0,0,0,0,0,0,0,0,0,0,0,0,0
1430598543.8347,pg_catalog,pg_default_acl,3,0,59,0,0,0,0,0,0,0,0,0,2,57,,,,
1430598543.8347,public,history,1,30000,,,30007,0,0,0,30007,0,647,968,,,,,,
1430598543.8347,pg_catalog,pg_aggregate,2,266,3,3,0,0,0,0,133,0,5,4,2,4,,,,
1430598543.8347,pg_toast,pg_toast_12329,0,0,0,0,0,0,0,0,0,0,0,0,0,0,,,,
1430598543.8347,pg_catalog,pg_ts_dict,3,48,0,0,0,0,0,0,16,0,2,2,0,0,,,,
1430598543.8347,pg_catalog,pg_index,20,512,1005,1242,27,0,17,0,123,17,13,1100,12,1200,,,,
1430598543.8347,public,warehouse,26,21,0,0,1,7,0,7,1,7,3,33,1,9,,,,
1430598543.8347,pg_catalog,pg_tablespace,57,114,3387,3387,0,0,0,0,2,0,34,3419,66,6738,,,,
1430598543.8347,pg_toast,pg_toast_2619,0,0,152,415,70,0,9,0,61,9,32,276,4,235,,,,
1430598543.8347,pg_catalog,pg_constraint,5,50,8,0,8,0,0,0,10,0,6,33,8,64,0,0,0,0
1430598543.8347,pg_toast,pg_toast_2618,0,0,62,193,0,0,0,0,0,0,45,39,4,61,,,,
1430598543.8347,pg_catalog,pg_cast,3,594,1939,377,0,0,0,0,198,0,6,379,6,1970,,,,
1430598543.8347,public,item,4,400000,35,35,100000,0,0,0,100000,0,2597,7804,31,43,,,,
1430598543.8347,public,customer,6,180000,25,85,30000,7,0,0,30000,7,4813,18470,25,98,,,,
1430598543.8347,pg_catalog,pg_ts_config,3,48,0,0,0,0,0,0,16,0,2,2,0,0,,,,
1430598543.8347,pg_catalog,pg_ts_parser,3,3,0,0,0,0,0,0,1,0,2,2,0,0,,,,
1430598543.8347,pg_toast,pg_toast_2620,0,0,0,0,0,0,0,0,0,0,0,0,0,0,,,,
1430598543.8347,pg_toast,pg_toast_2396,0,0,0,0,0,0,0,0,0,0,0,0,0,0,,,,
1430598543.8347,pg_catalog,pg_largeobject,2,0,0,0,0,0,0,0,0,0,0,0,0,0,,,,
1430598543.8347,pg_catalog,pg_enum,4,0,0,0,0,0,0,0,0,0,0,0,0,0,,,,
1430598543.8347,pg_catalog,pg_foreign_table,2,0,0,0,0,0,0,0,0,0,0,0,0,0,,,,
1430598543.8347,pg_catalog,pg_collation,3,1806,0,0,0,0,0,0,602,0,38,38,0,0,,,,
1430598543.8347,pg_catalog,pg_am,99,111,0,0,0,0,0,0,5,0,3,97,0,0,,,,
1430598543.8347,pg_catalog,pg_proc,3,8073,269,308,6,0,0,0,2691,0,158,446,28,617,0,0,0,0
1430598543.8347,pg_catalog,pg_shdepend,27,27,3062,766,0,0,0,0,1,0,19,783,76,3186,,,,
1430598543.8347,pg_catalog,pg_language,4,16,10,10,0,0,0,0,4,0,2,13,4,18,,,,
1430598543.8347,public,new_order,4,36000,0,0,9003,0,0,0,9003,0,101,292,4,7,,,,
1430598543.8347,pg_catalog,pg_range,2,12,2,0,0,0,0,0,6,0,2,1,2,2,,,,
1430598543.8347,pg_catalog,pg_attribute,26,7792,2650,9670,1401,20,1219,0,2491,1219,138,6124,35,11084,,,,
1430598543.8347,pg_catalog,pg_database,2070,8079,62520,62500,10,0,9,0,4,0,9,64607,138,74483,,,,
1430598543.8347,pg_catalog,pg_conversion,4,528,0,0,0,0,0,0,132,0,6,9,0,0,,,,
1430598543.8347,pg_catalog,pg_type,3,1093,1454,1095,173,0,151,0,361,151,26,1469,20,3526,,,,
1430598543.8347,pg_catalog,pg_trigger,4,0,0,0,0,0,0,0,0,0,0,0,0,0,0,0,0,0
1430598543.8347,public,stock,4,400000,263,97,100000,35,0,0,100000,35,19863,15094,33,869,,,,
1430598543.8347,information_schema,sql_implementation_info,1,12,,,0,0,0,0,12,0,2,0,,,0,0,0,0
1430598543.8347,information_schema,sql_languages,1,4,,,0,0,0,0,4,0,2,0,,,0,0,0,0
1430598543.8347,pg_toast,pg_toast_12309,0,0,0,0,0,0,0,0,0,0,0,0,0,0,,,,
1430598543.8347,pg_toast,pg_toast_12334,0,0,0,0,0,0,0,0,0,0,0,0,0,0,,,,
1430598543.8347,public,order_line,4,1138512,3,213,284663,0,0,0,284663,0,8502,19655,9,113,,,,
1430598543.8347,pg_catalog,pg_amop,4,1744,280,362,0,0,0,0,436,0,12,370,21,621,,,,
1430598543.8347,pg_toast,pg_toast_1255,0,0,0,0,0,0,0,0,0,0,0,0,0,0,,,,
1430598543.8347,pg_toast,pg_toast_12314,0,0,0,0,0,0,0,0,0,0,0,0,0,0,,,,
1430598543.8347,pg_toast,pg_toast_12324,0,0,0,0,0,0,0,0,0,0,0,0,0,0,,,,
1430598543.8347,pg_catalog,pg_amproc,7,1040,260,420,0,0,0,0,344,0,9,264,9,596,,,,
1430598543.8347,pg_toast,pg_toast_2964,0,0,0,0,0,0,0,0,0,0,0,0,0,0,,,,
1430598543.8347,pg_catalog,pg_ts_template,3,15,0,0,0,0,0,0,5,0,2,2,0,0,,,,
1430598543.8347,pg_catalog,pg_db_role_setting,27,0,24192,0,0,0,0,0,0,0,0,0,34,24158,0,0,0,0
1430598543.8347,pg_toast,pg_toast_2609,0,0,0,0,0,0,0,0,0,0,0,0,0,0,,,,
1430598543.8347,information_schema,sql_parts,1,9,,,0,0,0,0,9,0,2,0,,,0,0,0,0
1430598543.8347,pg_catalog,pg_class,42,2904,3071,2724,122,324,101,69,316,359,29,4326,33,7814,,,,
1430598543.8347,pg_catalog,pg_seclabel,2,0,252,0,0,0,0,0,0,0,0,0,2,250,0,0,0,0
1430598543.8347,pg_catalog,pg_ts_config_map,2,608,0,0,0,0,0,0,304,0,4,2,0,0,,,,
1430598543.8347,information_schema,sql_sizing,1,23,,,0,0,0,0,23,0,2,0,,,0,0,0,0
1430598543.8347,pg_toast,pg_toast_12339,0,0,0,0,0,0,0,0,0,0,0,0,0,0,,,,
1430598543.8347,information_schema,sql_packages,1,10,,,0,0,0,0,10,0,2,0,,,0,0,0,0
1430598543.8347,pg_toast,pg_toast_2606,0,0,0,0,0,0,0,0,0,0,0,0,0,0,,,,
1430598543.8347,pg_catalog,pg_pltemplate,18,144,0,0,0,0,0,0,8,0,18,9,0,0,,,,
1430598543.8347,pg_catalog,pg_auth_members,27,0,0,0,0,0,0,0,0,0,0,0,0,0,,,,
1430598543.8347,pg_catalog,pg_depend,3,20120,2731,2507,348,0,256,0,6672,256,103,3172,39,6884,,,,
1430598543.8347,pg_toast,pg_toast_2604,0,0,0,0,0,0,0,0,0,0,0,0,0,0,,,,
1430598543.8347,pg_catalog,pg_shseclabel,18,0,9,0,0,0,0,0,0,0,0,0,9,0,,,,
1430598543.8347,information_schema,sql_features,1,672,,,0,0,0,0,672,0,14,0,,,0,0,0,0
1430598543.8347,pg_toast,pg_toast_12319,0,0,0,0,0,0,0,0,0,0,0,0,0,0,,,,
1430598543.8347,pg_catalog,pg_description,2,7372,252,0,0,0,0,0,3686,0,64,32,6,501,0,0,0,0
1430598543.8347,pg_catalog,pg_namespace,5,30,199,119,0,0,0,0,6,0,3,122,11,283,,,,
1430598543.8347,information_schema,sql_sizing_profiles,1,0,,,0,0,0,0,0,0,0,0,,,0,0,0,0
1430598543.8347,pg_catalog,pg_foreign_server,3,0,0,0,0,0,0,0,0,0,0,0,0,0,,,,
1430598603.83871,public,orders,6,180000,52416,57011,57542,25020,0,18820,57348,6844,1243,126471,671,266765,,,,
1430598603.83871,pg_catalog,pg_operator,3,2295,498,2908,0,0,0,0,765,0,43,2054,26,1076,,,,
1430598603.83871,pg_catalog,pg_extension,3,3,0,0,0,0,0,0,1,0,2,2,0,0,,,,
1430598603.83871,pg_catalog,pg_authid,377,377,9014,9014,0,0,0,0,1,0,36,9364,126,17902,,,,
1430598603.83871,pg_catalog,pg_statistic,2,798,2273,2086,92,399,0,180,92,292,61,3056,15,5209,32,671,4,519
1430598603.83871,pg_catalog,pg_opfamily,3,258,0,0,0,0,0,0,86,0,4,4,0,0,,,,
1430598603.83871,pg_catalog,pg_shdescription,22,63,9,0,0,0,0,0,3,0,19,12,19,0,0,0,0,0
1430598603.83871,public,district,121497,1116880,1265,1265,10,53916,0,53652,10,530,107,4483017,2,1543,,,,
1430598603.83871,pg_catalog,pg_event_trigger,3,0,27,0,0,0,0,0,0,0,0,0,2,25,,,,
1430598603.83871,pg_catalog,pg_user_mapping,3,0,0,0,0,0,0,0,0,0,0,0,0,0,,,,
1430598603.83871,pg_catalog,pg_inherits,3,0,84,0,0,0,0,0,0,0,0,0,2,82,,,,
1430598603.83871,pg_toast,pg_toast_3596,0,0,0,0,0,0,0,0,0,0,0,0,0,0,,,,
1430598603.83871,pg_catalog,pg_rewrite,3,327,11,11,0,0,0,0,109,0,29,26,4,16,52,40,12,138
1430598603.83871,pg_catalog,pg_foreign_data_wrapper,3,0,0,0,0,0,0,0,0,0,0,0,0,0,,,,
1430598603.83871,pg_catalog,pg_largeobject_metadata,2,0,0,0,0,0,0,0,0,0,0,0,0,0,,,,
1430598603.83871,pg_catalog,pg_opclass,11,392,458,6227,0,0,0,0,128,0,10,2256,16,565,,,,
1430598603.83871,pg_catalog,pg_attrdef,3,0,0,0,0,0,0,0,0,0,0,0,0,0,0,0,0,0
1430598603.83871,pg_catalog,pg_default_acl,3,0,59,0,0,0,0,0,0,0,0,0,2,57,,,,
1430598603.83871,public,history,1,30000,,,56374,0,0,0,56352,0,957,27959,,,,,,
1430598603.83871,pg_catalog,pg_aggregate,2,266,23,23,0,0,0,0,133,0,5,24,2,34,,,,
1430598603.83871,pg_toast,pg_toast_12329,0,0,0,0,0,0,0,0,0,0,0,0,0,0,,,,
1430598603.83871,pg_catalog,pg_ts_dict,3,48,0,0,0,0,0,0,16,0,2,2,0,0,,,,
1430598603.83871,pg_catalog,pg_index,39,1141,1336,1628,27,0,17,0,123,17,15,1466,14,1545,,,,
1430598603.83871,public,warehouse,36350,27423,52871,52871,1,26374,0,25899,1,580,80,1075031,2,53367,,,,
1430598603.83871,pg_catalog,pg_tablespace,57,114,3432,3432,0,0,0,0,2,0,35,3463,69,6827,,,,
1430598603.83871,pg_toast,pg_toast_2619,0,0,433,1267,70,0,9,0,61,9,32,671,4,519,,,,
1430598603.83871,pg_catalog,pg_constraint,5,50,8,0,8,0,0,0,10,0,6,33,8,64,0,0,0,0
1430598603.83871,pg_toast,pg_toast_2618,0,0,68,211,0,0,0,0,0,0,52,40,6,69,,,,
1430598603.83871,pg_catalog,pg_cast,3,594,2753,567,0,0,0,0,198,0,7,568,7,2792,,,,
1430598603.83871,public,item,4,400000,288880,288587,100000,0,0,0,100000,0,4003,294950,276,578880,,,,
1430598603.83871,public,customer,6,180000,124978,308371,30000,51394,0,44376,29923,2314,7652,410203,532,305123,,,,
1430598603.83871,pg_catalog,pg_ts_config,3,48,0,0,0,0,0,0,16,0,2,2,0,0,,,,
1430598603.83871,pg_catalog,pg_ts_parser,3,3,0,0,0,0,0,0,1,0,2,2,0,0,,,,
1430598603.83871,pg_toast,pg_toast_2620,0,0,0,0,0,0,0,0,0,0,0,0,0,0,,,,
1430598603.83871,pg_toast,pg_toast_2396,0,0,0,0,0,0,0,0,0,0,0,0,0,0,,,,
1430598603.83871,pg_catalog,pg_largeobject,2,0,0,0,0,0,0,0,0,0,0,0,0,0,,,,
1430598603.83871,pg_catalog,pg_enum,4,0,0,0,0,0,0,0,0,0,0,0,0,0,,,,
1430598603.83871,pg_catalog,pg_foreign_table,2,0,0,0,0,0,0,0,0,0,0,0,0,0,,,,
1430598603.83871,pg_catalog,pg_collation,3,1806,0,0,0,0,0,0,602,0,38,38,0,0,,,,
1430598603.83871,pg_catalog,pg_am,106,118,0,0,0,0,0,0,5,0,4,103,0,0,,,,
1430598603.83871,pg_catalog,pg_proc,3,8073,659,854,6,0,0,0,2691,0,175,868,44,1406,0,0,0,0
1430598603.83871,pg_catalog,pg_shdepend,27,27,3062,766,0,0,0,0,1,0,19,783,76,3186,,,,
1430598603.83871,pg_catalog,pg_language,4,16,10,10,0,0,0,0,4,0,2,13,4,18,,,,
1430598603.83871,public,new_order,4,36000,50040,47471,36542,0,22200,0,14011,4984,364,344890,280,254010,,,,
1430598603.83871,pg_catalog,pg_range,2,12,2,0,0,0,0,0,6,0,2,1,2,2,,,,
1430598603.83871,pg_catalog,pg_attribute,48,7942,3675,12972,1401,20,1219,0,2491,1219,167,7596,41,13139,,,,
1430598603.83871,pg_catalog,pg_database,2073,8085,62684,62664,10,0,9,0,4,0,9,64774,142,74744,,,,
1430598603.83871,pg_catalog,pg_conversion,4,528,0,0,0,0,0,0,132,0,6,9,0,0,,,,
1430598603.83871,pg_catalog,pg_type,3,1093,1718,1359,173,0,151,0,361,0,29,1730,23,4060,,,,
1430598603.83871,pg_catalog,pg_trigger,4,0,0,0,0,0,0,0,0,0,0,0,0,0,0,0,0,0
1430598603.83871,public,stock,4,400000,628405,579851,100000,288587,0,0,95777,159958,26209,1022854,778,2758905,,,,
1430598603.83871,information_schema,sql_implementation_info,1,12,,,0,0,0,0,12,0,2,0,,,0,0,0,0
1430598603.83871,information_schema,sql_languages,1,4,,,0,0,0,0,4,0,2,0,,,0,0,0,0
1430598603.83871,pg_toast,pg_toast_12309,0,0,0,0,0,0,0,0,0,0,0,0,0,0,,,,
1430598603.83871,pg_toast,pg_toast_12334,0,0,0,0,0,0,0,0,0,0,0,0,0,0,,,,
1430598603.83871,public,order_line,4,1138512,54916,579451,573215,252247,0,129990,570491,170516,16443,1168938,4364,1405583,,,,
1430598603.83871,pg_catalog,pg_amop,4,1744,448,578,0,0,0,0,436,0,14,584,27,967,,,,
1430598603.83871,pg_toast,pg_toast_1255,0,0,0,0,0,0,0,0,0,0,0,0,0,0,,,,
1430598603.83871,pg_toast,pg_toast_12314,0,0,0,0,0,0,0,0,0,0,0,0,0,0,,,,
1430598603.83871,pg_toast,pg_toast_12324,0,0,0,0,0,0,0,0,0,0,0,0,0,0,,,,
1430598603.83871,pg_catalog,pg_amproc,11,1048,319,500,0,0,0,0,344,0,12,332,12,718,,,,
1430598603.83871,pg_toast,pg_toast_2964,0,0,0,0,0,0,0,0,0,0,0,0,0,0,,,,
1430598603.83871,pg_catalog,pg_ts_template,3,15,0,0,0,0,0,0,5,0,2,2,0,0,,,,
1430598603.83871,pg_catalog,pg_db_role_setting,27,0,24396,0,0,0,0,0,0,0,0,0,35,24361,0,0,0,0
1430598603.83871,pg_toast,pg_toast_2609,0,0,0,0,0,0,0,0,0,0,0,0,0,0,,,,
1430598603.83871,information_schema,sql_parts,1,9,,,0,0,0,0,9,0,2,0,,,0,0,0,0
1430598603.83871,pg_catalog,pg_class,71,5138,4198,3791,122,324,101,69,316,359,31,5539,37,9189,,,,
1430598603.83871,pg_catalog,pg_seclabel,2,0,252,0,0,0,0,0,0,0,0,0,2,250,0,0,0,0
1430598603.83871,pg_catalog,pg_ts_config_map,2,608,0,0,0,0,0,0,304,0,4,2,0,0,,,,
1430598603.83871,information_schema,sql_sizing,1,23,,,0,0,0,0,23,0,2,0,,,0,0,0,0
1430598603.83871,pg_toast,pg_toast_12339,0,0,0,0,0,0,0,0,0,0,0,0,0,0,,,,
1430598603.83871,information_schema,sql_packages,1,10,,,0,0,0,0,10,0,2,0,,,0,0,0,0
1430598603.83871,pg_toast,pg_toast_2606,0,0,0,0,0,0,0,0,0,0,0,0,0,0,,,,
1430598603.83871,pg_catalog,pg_pltemplate,18,144,0,0,0,0,0,0,8,0,18,9,0,0,,,,
1430598603.83871,pg_catalog,pg_auth_members,27,0,0,0,0,0,0,0,0,0,0,0,0,0,,,,
1430598603.83871,pg_catalog,pg_depend,3,20120,2731,2507,348,0,256,0,6672,256,103,3172,39,6884,,,,
1430598603.83871,pg_toast,pg_toast_2604,0,0,0,0,0,0,0,0,0,0,0,0,0,0,,,,
1430598603.83871,pg_catalog,pg_shseclabel,18,0,9,0,0,0,0,0,0,0,0,0,9,0,,,,
1430598603.83871,information_schema,sql_features,1,672,,,0,0,0,0,672,0,14,0,,,0,0,0,0
1430598603.83871,pg_toast,pg_toast_12319,0,0,0,0,0,0,0,0,0,0,0,0,0,0,,,,
1430598603.83871,pg_catalog,pg_description,2,7372,252,0,0,0,0,0,3686,0,64,32,6,501,0,0,0,0
1430598603.83871,pg_catalog,pg_namespace,7,42,350,261,0,0,0,0,6,0,4,265,14,442,,,,
1430598603.83871,information_schema,sql_sizing_profiles,1,0,,,0,0,0,0,0,0,0,0,,,0,0,0,0
1430598603.83871,pg_catalog,pg_foreign_server,3,0,0,0,0,0,0,0,0,0,0,0,0,0,,,,
1430598663.84012,public,orders,6,180000,95029,109960,80409,45340,0,31821,79977,15224,2336,240088,1091,576795,,,,
1430598663.84012,pg_catalog,pg_operator,3,2295,512,2922,0,0,0,0,765,0,45,2066,26,1109,,,,
1430598663.84012,pg_catalog,pg_extension,3,3,0,0,0,0,0,0,1,0,2,2,0,0,,,,
1430598663.84012,pg_catalog,pg_authid,378,378,9024,9024,0,0,0,0,1,0,37,9374,130,17918,,,,
1430598663.84012,pg_catalog,pg_statistic,2,798,2291,2100,92,399,0,180,92,292,64,3067,16,5247,32,671,4,519
1430598663.84012,pg_catalog,pg_opfamily,3,258,0,0,0,0,0,0,86,0,4,4,0,0,,,,
1430598663.84012,pg_catalog,pg_shdescription,22,63,9,0,0,0,0,0,3,0,19,12,19,0,0,0,0,0
1430598663.84012,public,district,219130,2023120,3367,3367,10,98244,0,97475,10,13783,323,16736099,6,4462,,,,
1430598663.84012,pg_catalog,pg_event_trigger,3,0,27,0,0,0,0,0,0,0,0,0,2,25,,,,
1430598663.84012,pg_catalog,pg_user_mapping,3,0,0,0,0,0,0,0,0,0,0,0,0,0,,,,
1430598663.84012,pg_catalog,pg_inherits,3,0,84,0,0,0,0,0,0,0,0,0,2,82,,,,
1430598663.84012,pg_toast,pg_toast_3596,0,0,0,0,0,0,0,0,0,0,0,0,0,0,,,,
1430598663.84012,pg_catalog,pg_rewrite,3,327,16,16,0,0,0,0,109,0,32,28,4,24,57,41,12,150
1430598663.84012,pg_catalog,pg_foreign_data_wrapper,3,0,0,0,0,0,0,0,0,0,0,0,0,0,,,,
1430598663.84012,pg_catalog,pg_largeobject_metadata,2,0,0,0,0,0,0,0,0,0,0,0,0,0,,,,
1430598663.84012,pg_catalog,pg_opclass,11,392,467,6322,0,0,0,0,128,0,11,2288,18,578,,,,
1430598663.84012,pg_catalog,pg_attrdef,3,0,0,0,0,0,0,0,0,0,0,0,0,0,0,0,0,0
1430598663.84012,pg_catalog,pg_default_acl,3,0,59,0,0,0,0,0,0,0,0,0,2,57,,,,
1430598663.84012,public,history,1,30000,,,77835,0,0,0,77813,0,1199,49904,,,,,,
1430598663.84012,pg_catalog,pg_aggregate,2,266,24,24,0,0,0,0,133,0,6,24,4,34,,,,
1430598663.84012,pg_toast,pg_toast_12329,0,0,0,0,0,0,0,0,0,0,0,0,0,0,,,,
1430598663.84012,pg_catalog,pg_ts_dict,3,48,0,0,0,0,0,0,16,0,2,2,0,0,,,,
1430598663.84012,pg_catalog,pg_index,44,1756,1394,1695,27,0,17,0,123,17,16,1538,17,1607,,,,
1430598663.84012,public,warehouse,36350,27423,118660,118660,1,47835,0,46966,1,6611,225,2745342,3,119559,,,,
1430598663.84012,pg_catalog,pg_tablespace,57,114,3437,3437,0,0,0,0,2,0,36,3467,71,6835,,,,
1430598663.84012,pg_toast,pg_toast_2619,0,0,433,1267,70,0,9,0,61,9,32,671,4,519,,,,
1430598663.84012,pg_catalog,pg_constraint,5,50,8,0,8,0,0,0,10,0,6,33,8,64,0,0,0,0
1430598663.84012,pg_toast,pg_toast_2618,0,0,72,225,0,0,0,0,0,0,57,41,6,75,,,,
1430598663.84012,pg_catalog,pg_cast,3,594,2786,584,0,0,0,0,198,0,7,585,7,2828,,,,
1430598663.84012,public,item,4,400000,529482,528951,100000,0,0,0,100000,0,4577,534740,277,1061251,,,,
1430598663.84012,public,customer,6,180000,227019,564436,30000,93175,0,76817,29923,13880,8781,782483,700,573008,,,,
1430598663.84012,pg_catalog,pg_ts_config,3,48,0,0,0,0,0,0,16,0,2,2,0,0,,,,
1430598663.84012,pg_catalog,pg_ts_parser,3,3,0,0,0,0,0,0,1,0,2,2,0,0,,,,
1430598663.84012,pg_toast,pg_toast_2620,0,0,0,0,0,0,0,0,0,0,0,0,0,0,,,,
1430598663.84012,pg_toast,pg_toast_2396,0,0,0,0,0,0,0,0,0,0,0,0,0,0,,,,
1430598663.84012,pg_catalog,pg_largeobject,2,0,0,0,0,0,0,0,0,0,0,0,0,0,,,,
1430598663.84012,pg_catalog,pg_enum,4,0,0,0,0,0,0,0,0,0,0,0,0,0,,,,
1430598663.84012,pg_catalog,pg_foreign_table,2,0,0,0,0,0,0,0,0,0,0,0,0,0,,,,
1430598663.84012,pg_catalog,pg_collation,3,1806,0,0,0,0,0,0,602,0,38,38,0,0,,,,
1430598663.84012,pg_catalog,pg_am,110,122,0,0,0,0,0,0,5,0,5,106,0,0,,,,
1430598663.84012,pg_catalog,pg_proc,3,8073,725,941,6,0,0,0,2691,0,181,937,45,1543,0,0,0,0
1430598663.84012,pg_catalog,pg_shdepend,27,27,3062,766,0,0,0,0,1,0,19,783,76,3186,,,,
1430598663.84012,pg_catalog,pg_language,4,16,10,10,0,0,0,0,4,0,2,13,4,18,,,,
1430598663.84012,public,new_order,4,36000,90680,85886,59409,0,40090,0,18750,23112,606,1937695,562,593307,,,,
1430598663.84012,pg_catalog,pg_range,2,12,2,0,0,0,0,0,6,0,2,1,2,2,,,,
1430598663.84012,pg_catalog,pg_attribute,48,7942,3892,13551,1401,20,1219,0,2491,1219,171,7859,45,13575,,,,
1430598663.84012,pg_catalog,pg_database,2075,8093,62716,62696,10,0,9,0,4,0,9,64808,149,74781,,,,
1430598663.84012,pg_catalog,pg_conversion,4,528,0,0,0,0,0,0,132,0,6,9,0,0,,,,
1430598663.84012,pg_catalog,pg_type,3,1093,1774,1415,173,0,151,0,361,0,30,1785,23,4175,,,,
1430598663.84012,pg_catalog,pg_trigger,4,0,0,0,0,0,0,0,0,0,0,0,0,0,0,0,0,0
1430598663.84012,public,stock,4,400000,1150776,1062681,100000,528951,0,0,95777,400322,31909,2649726,993,5057811,,,,
1430598663.84012,information_schema,sql_implementation_info,1,12,,,0,0,0,0,12,0,2,0,,,0,0,0,0
1430598663.84012,information_schema,sql_languages,1,4,,,0,0,0,0,4,0,2,0,,,0,0,0,0
1430598663.84012,pg_toast,pg_toast_12309,0,0,0,0,0,0,0,0,0,0,0,0,0,0,,,,
1430598663.84012,pg_toast,pg_toast_12334,0,0,0,0,0,0,0,0,0,0,0,0,0,0,,,,
1430598663.84012,public,order_line,4,1138512,99497,1068330,813579,465990,0,238475,571823,72222,25975,2148116,8609,2582010,,,,
1430598663.84012,pg_catalog,pg_amop,4,1744,465,599,0,0,0,0,436,0,14,605,27,1005,,,,
1430598663.84012,pg_toast,pg_toast_1255,0,0,0,0,0,0,0,0,0,0,0,0,0,0,,,,
1430598663.84012,pg_toast,pg_toast_12314,0,0,0,0,0,0,0,0,0,0,0,0,0,0,,,,
1430598663.84012,pg_toast,pg_toast_12324,0,0,0,0,0,0,0,0,0,0,0,0,0,0,,,,
1430598663.84012,pg_catalog,pg_amproc,11,1048,327,513,0,0,0,0,344,0,13,339,15,735,,,,
1430598663.84012,pg_toast,pg_toast_2964,0,0,0,0,0,0,0,0,0,0,0,0,0,0,,,,
1430598663.84012,pg_catalog,pg_ts_template,3,15,0,0,0,0,0,0,5,0,2,2,0,0,,,,
1430598663.84012,pg_catalog,pg_db_role_setting,27,0,24420,0,0,0,0,0,0,0,0,0,36,24384,0,0,0,0
1430598663.84012,pg_toast,pg_toast_2609,0,0,0,0,0,0,0,0,0,0,0,0,0,0,,,,
1430598663.84012,information_schema,sql_parts,1,9,,,0,0,0,0,9,0,2,0,,,0,0,0,0
1430598663.84012,pg_catalog,pg_class,76,6718,4592,4185,122,324,101,69,316,359,33,5971,43,9622,,,,
1430598663.84012,pg_catalog,pg_seclabel,2,0,252,0,0,0,0,0,0,0,0,0,2,250,0,0,0,0
1430598663.84012,pg_catalog,pg_ts_config_map,2,608,0,0,0,0,0,0,304,0,4,2,0,0,,,,
1430598663.84012,information_schema,sql_sizing,1,23,,,0,0,0,0,23,0,2,0,,,0,0,0,0
1430598663.84012,pg_toast,pg_toast_12339,0,0,0,0,0,0,0,0,0,0,0,0,0,0,,,,
1430598663.84012,information_schema,sql_packages,1,10,,,0,0,0,0,10,0,2,0,,,0,0,0,0
1430598663.84012,pg_toast,pg_toast_2606,0,0,0,0,0,0,0,0,0,0,0,0,0,0,,,,
1430598663.84012,pg_catalog,pg_pltemplate,18,144,0,0,0,0,0,0,8,0,18,9,0,0,,,,
1430598663.84012,pg_catalog,pg_auth_members,27,0,0,0,0,0,0,0,0,0,0,0,0,0,,,,
1430598663.84012,pg_catalog,pg_depend,3,20120,2731,2507,348,0,256,0,6672,256,103,3172,39,6884,,,,
1430598663.84012,pg_toast,pg_toast_2604,0,0,0,0,0,0,0,0,0,0,0,0,0,0,,,,
1430598663.84012,pg_catalog,pg_shseclabel,18,0,9,0,0,0,0,0,0,0,0,0,9,0,,,,
1430598663.84012,information_schema,sql_features,1,672,,,0,0,0,0,672,0,14,0,,,0,0,0,0
1430598663.84012,pg_toast,pg_toast_12319,0,0,0,0,0,0,0,0,0,0,0,0,0,0,,,,
1430598663.84012,pg_catalog,pg_description,2,7372,252,0,0,0,0,0,3686,0,64,32,6,501,0,0,0,0
1430598663.84012,pg_catalog,pg_namespace,9,54,482,390,0,0,0,0,6,0,4,396,16,577,,,,
1430598663.84012,information_schema,sql_sizing_profiles,1,0,,,0,0,0,0,0,0,0,0,,,0,0,0,0
1430598663.84012,pg_catalog,pg_foreign_server,3,0,0,0,0,0,0,0,0,0,0,0,0,0,,,,
1430598723.84493,public,orders,6,180000,135590,165229,101854,64690,0,42576,101211,24093,8257,353714,2698,878756,,,,
1430598723.84493,pg_catalog,pg_operator,3,2295,543,2953,0,0,0,0,765,0,51,2091,36,1170,,,,
1430598723.84493,pg_catalog,pg_extension,3,3,0,0,0,0,0,0,1,0,2,2,0,0,,,,
1430598723.84493,pg_catalog,pg_authid,379,379,9035,9035,0,0,0,0,1,0,38,9385,134,17936,,,,
1430598723.84493,pg_catalog,pg_statistic,2,798,2863,2666,92,566,0,229,491,167,139,4119,24,6640,63,1086,7,861
1430598723.84493,pg_catalog,pg_opfamily,3,258,0,0,0,0,0,0,86,0,4,4,0,0,,,,
1430598723.84493,pg_catalog,pg_shdescription,22,63,9,0,0,0,0,0,3,0,19,12,19,0,0,0,0,0
1430598723.84493,public,district,231022,2134920,79104,79104,10,139938,0,138443,10,662,588,23120332,7,172278,,,,
1430598723.84493,pg_catalog,pg_event_trigger,3,0,27,0,0,0,0,0,0,0,0,0,2,25,,,,
1430598723.84493,pg_catalog,pg_user_mapping,3,0,0,0,0,0,0,0,0,0,0,0,0,0,,,,
1430598723.84493,pg_catalog,pg_inherits,3,0,84,0,0,0,0,0,0,0,0,0,2,82,,,,
1430598723.84493,pg_toast,pg_toast_3596,0,0,0,0,0,0,0,0,0,0,0,0,0,0,,,,
1430598723.84493,pg_catalog,pg_rewrite,3,327,23,23,0,0,0,0,109,0,37,30,6,34,63,42,16,162
1430598723.84493,pg_catalog,pg_foreign_data_wrapper,3,0,0,0,0,0,0,0,0,0,0,0,0,0,,,,
1430598723.84493,pg_catalog,pg_largeobject_metadata,2,0,0,0,0,0,0,0,0,0,0,0,0,0,,,,
1430598723.84493,pg_catalog,pg_opclass,11,392,557,7682,0,0,0,0,128,0,20,2745,26,669,,,,
1430598723.84493,pg_catalog,pg_attrdef,3,0,0,0,0,0,0,0,0,0,0,0,0,0,0,0,0,0
1430598723.84493,pg_catalog,pg_default_acl,3,0,59,0,0,0,0,0,0,0,0,0,2,57,,,,
1430598723.84493,public,history,1,30000,,,98084,0,0,0,98062,0,1900,70700,,,,,,
1430598723.84493,pg_catalog,pg_aggregate,2,266,25,25,0,0,0,0,133,0,7,24,6,34,,,,
1430598723.84493,pg_toast,pg_toast_12329,0,0,0,0,0,0,0,0,0,0,0,0,0,0,,,,
1430598723.84493,pg_catalog,pg_ts_dict,3,48,0,0,0,0,0,0,16,0,2,2,0,0,,,,
1430598723.84493,pg_catalog,pg_index,49,2371,1556,1876,27,0,17,0,123,17,24,1707,24,1773,,,,
1430598723.84493,public,warehouse,36350,27423,180603,180603,1,68084,0,66845,0,529,409,5665279,4,181882,,,,
1430598723.84493,pg_catalog,pg_tablespace,57,114,3442,3442,0,0,0,0,2,0,37,3471,73,6843,,,,
1430598723.84493,pg_toast,pg_toast_2619,0,0,720,1851,127,0,66,0,61,66,63,1086,7,861,,,,
1430598723.84493,pg_catalog,pg_constraint,5,50,8,0,8,0,0,0,10,0,6,33,8,64,0,0,0,0
1430598723.84493,pg_toast,pg_toast_2618,0,0,77,241,0,0,0,0,0,0,63,42,8,81,,,,
1430598723.84493,pg_catalog,pg_cast,3,594,3289,645,0,0,0,0,198,0,9,644,11,3333,,,,
1430598723.84493,public,item,4,400000,754086,753344,100000,0,0,0,100000,0,8043,755667,305,1511507,,,,
1430598723.84493,public,customer,6,180000,323337,803796,30000,132774,0,106449,29923,30817,17005,1201092,1894,831199,,,,
1430598723.84493,pg_catalog,pg_ts_config,3,48,0,0,0,0,0,0,16,0,2,2,0,0,,,,
1430598723.84493,pg_catalog,pg_ts_parser,3,3,0,0,0,0,0,0,1,0,2,2,0,0,,,,
1430598723.84493,pg_toast,pg_toast_2620,0,0,0,0,0,0,0,0,0,0,0,0,0,0,,,,
1430598723.84493,pg_toast,pg_toast_2396,0,0,0,0,0,0,0,0,0,0,0,0,0,0,,,,
1430598723.84493,pg_catalog,pg_largeobject,2,0,0,0,0,0,0,0,0,0,0,0,0,0,,,,
1430598723.84493,pg_catalog,pg_enum,4,0,0,0,0,0,0,0,0,0,0,0,0,0,,,,
1430598723.84493,pg_catalog,pg_foreign_table,2,0,0,0,0,0,0,0,0,0,0,0,0,0,,,,
1430598723.84493,pg_catalog,pg_collation,3,1806,0,0,0,0,0,0,602,0,38,38,0,0,,,,
1430598723.84493,pg_catalog,pg_am,115,127,0,0,0,0,0,0,5,0,6,110,0,0,,,,
1430598723.84493,pg_catalog,pg_proc,3,8073,803,1054,6,0,0,0,2691,0,194,1017,57,1697,0,0,0,0
1430598723.84493,pg_catalog,pg_shdepend,27,27,3062,766,0,0,0,0,1,0,19,783,76,3186,,,,
1430598723.84493,pg_catalog,pg_language,4,16,10,10,0,0,0,0,4,0,2,13,4,18,,,,
1430598723.84493,public,new_order,4,36000,129380,122441,80854,0,57060,0,23014,40293,1096,4957889,847,1211248,,,,
1430598723.84493,pg_catalog,pg_range,2,12,2,0,0,0,0,0,6,0,2,1,2,2,,,,
1430598723.84493,pg_catalog,pg_attribute,48,7942,4426,15496,1401,20,1219,0,2491,0,295,8608,82,14687,,,,
1430598723.84493,pg_catalog,pg_database,2078,8105,62755,62735,10,0,9,0,4,0,11,64848,158,74825,,,,
1430598723.84493,pg_catalog,pg_conversion,4,528,0,0,0,0,0,0,132,0,6,9,0,0,,,,
1430598723.84493,pg_catalog,pg_type,3,1093,1885,1526,173,0,151,0,361,0,45,1916,37,4396,,,,
1430598723.84493,pg_catalog,pg_trigger,4,0,0,0,0,0,0,0,0,0,0,0,0,0,0,0,0,0
1430598723.84493,public,stock,4,400000,1636730,1513103,100000,753344,0,0,95794,264752,62782,5157311,1495,7221387,,,,
1430598723.84493,information_schema,sql_implementation_info,1,12,,,0,0,0,0,12,0,2,0,,,0,0,0,0
1430598723.84493,information_schema,sql_languages,1,4,,,0,0,0,0,4,0,2,0,,,0,0,0,0
1430598723.84493,pg_toast,pg_toast_12309,0,0,0,0,0,0,0,0,0,0,0,0,0,0,,,,
1430598723.84493,pg_toast,pg_toast_12334,0,0,0,0,0,0,0,0,0,0,0,0,0,0,,,,
1430598723.84493,public,order_line,4,1138512,141951,1530664,1037972,669166,0,318674,893220,269688,53305,3180106,15942,3758035,,,,
1430598723.84493,pg_catalog,pg_amop,4,1744,549,692,0,0,0,0,436,0,19,693,44,1166,,,,
1430598723.84493,pg_toast,pg_toast_1255,0,0,0,0,0,0,0,0,0,0,0,0,0,0,,,,
1430598723.84493,pg_toast,pg_toast_12314,0,0,0,0,0,0,0,0,0,0,0,0,0,0,,,,
1430598723.84493,pg_toast,pg_toast_12324,0,0,0,0,0,0,0,0,0,0,0,0,0,0,,,,
1430598723.84493,pg_catalog,pg_amproc,11,1048,395,605,0,0,0,0,344,0,16,398,22,869,,,,
1430598723.84493,pg_toast,pg_toast_2964,0,0,0,0,0,0,0,0,0,0,0,0,0,0,,,,
1430598723.84493,pg_catalog,pg_ts_template,3,15,0,0,0,0,0,0,5,0,2,2,0,0,,,,
1430598723.84493,pg_catalog,pg_db_role_setting,27,0,24448,0,0,0,0,0,0,0,0,0,38,24410,0,0,0,0
1430598723.84493,pg_toast,pg_toast_2609,0,0,0,0,0,0,0,0,0,0,0,0,0,0,,,,
1430598723.84493,information_schema,sql_parts,1,9,,,0,0,0,0,9,0,2,0,,,0,0,0,0
1430598723.84493,pg_catalog,pg_class,97,9590,5254,4847,122,324,101,69,316,0,57,6847,58,10387,,,,
1430598723.84493,pg_catalog,pg_seclabel,2,0,252,0,0,0,0,0,0,0,0,0,2,250,0,0,0,0
1430598723.84493,pg_catalog,pg_ts_config_map,2,608,0,0,0,0,0,0,304,0,4,2,0,0,,,,
1430598723.84493,information_schema,sql_sizing,1,23,,,0,0,0,0,23,0,2,0,,,0,0,0,0
1430598723.84493,pg_toast,pg_toast_12339,0,0,0,0,0,0,0,0,0,0,0,0,0,0,,,,
1430598723.84493,information_schema,sql_packages,1,10,,,0,0,0,0,10,0,2,0,,,0,0,0,0
1430598723.84493,pg_toast,pg_toast_2606,0,0,0,0,0,0,0,0,0,0,0,0,0,0,,,,
1430598723.84493,pg_catalog,pg_pltemplate,18,144,0,0,0,0,0,0,8,0,18,9,0,0,,,,
1430598723.84493,pg_catalog,pg_auth_members,27,0,0,0,0,0,0,0,0,0,0,0,0,0,,,,
1430598723.84493,pg_catalog,pg_depend,3,20120,2731,2507,348,0,256,0,6672,256,103,3172,39,6884,,,,
1430598723.84493,pg_toast,pg_toast_2604,0,0,0,0,0,0,0,0,0,0,0,0,0,0,,,,
1430598723.84493,pg_catalog,pg_shseclabel,18,0,9,0,0,0,0,0,0,0,0,0,9,0,,,,
1430598723.84493,information_schema,sql_features,1,672,,,0,0,0,0,672,0,14,0,,,0,0,0,0
1430598723.84493,pg_toast,pg_toast_12319,0,0,0,0,0,0,0,0,0,0,0,0,0,0,,,,
1430598723.84493,pg_catalog,pg_description,2,7372,252,0,0,0,0,0,3686,0,64,32,6,501,0,0,0,0
1430598723.84493,pg_catalog,pg_namespace,11,66,622,525,0,0,0,0,6,0,5,532,20,721,,,,
1430598723.84493,information_schema,sql_sizing_profiles,1,0,,,0,0,0,0,0,0,0,0,,,0,0,0,0
1430598723.84493,pg_catalog,pg_foreign_server,3,0,0,0,0,0,0,0,0,0,0,0,0,0,,,,
1430598783.87632,public,orders,6,180000,183528,241803,128100,87480,0,58660,126559,2533,14335,493124,5839,1218930,,,,
1430598783.87632,pg_catalog,pg_operator,3,2295,560,2970,0,0,0,0,765,0,54,2105,42,1206,,,,
1430598783.87632,pg_catalog,pg_extension,3,3,0,0,0,0,0,0,1,0,2,2,0,0,,,,
1430598783.87632,pg_catalog,pg_authid,380,380,9045,9045,0,0,0,0,1,0,39,9395,138,17952,,,,
1430598783.87632,pg_catalog,pg_statistic,2,798,3208,3005,92,566,0,229,491,162,145,4452,28,7331,63,1186,7,911
1430598783.87632,pg_catalog,pg_opfamily,3,258,0,0,0,0,0,0,86,0,4,4,0,0,,,,
1430598783.87632,pg_catalog,pg_shdescription,22,63,9,0,0,0,0,0,3,0,19,12,19,0,0,0,0,0
1430598783.87632,public,district,231022,2134920,185410,185410,10,190894,0,188776,10,1495,848,24509452,7,407267,,,,
1430598783.87632,pg_catalog,pg_event_trigger,3,0,27,0,0,0,0,0,0,0,0,0,2,25,,,,
1430598783.87632,pg_catalog,pg_user_mapping,3,0,0,0,0,0,0,0,0,0,0,0,0,0,,,,
1430598783.87632,pg_catalog,pg_inherits,3,0,84,0,0,0,0,0,0,0,0,0,2,82,,,,
1430598783.87632,pg_toast,pg_toast_3596,0,0,0,0,0,0,0,0,0,0,0,0,0,0,,,,
1430598783.87632,pg_catalog,pg_rewrite,3,327,30,30,0,0,0,0,109,0,42,32,8,44,69,43,20,174
1430598783.87632,pg_catalog,pg_foreign_data_wrapper,3,0,0,0,0,0,0,0,0,0,0,0,0,0,,,,
1430598783.87632,pg_catalog,pg_largeobject_metadata,2,0,0,0,0,0,0,0,0,0,0,0,0,0,,,,
1430598783.87632,pg_catalog,pg_opclass,11,392,573,7865,0,0,0,0,128,0,23,2810,30,689,,,,
1430598783.87632,pg_catalog,pg_attrdef,3,0,0,0,0,0,0,0,0,0,0,0,0,0,0,0,0,0
1430598783.87632,pg_catalog,pg_default_acl,3,0,59,0,0,0,0,0,0,0,0,0,2,57,,,,
1430598783.87632,public,history,1,30000,,,122794,0,0,0,120842,0,2187,95994,,,,,,
1430598783.87632,pg_catalog,pg_aggregate,2,266,26,26,0,0,0,0,133,0,8,24,8,34,,,,
1430598783.87632,pg_toast,pg_toast_12329,0,0,0,0,0,0,0,0,0,0,0,0,0,0,,,,
1430598783.87632,pg_catalog,pg_ts_dict,3,48,0,0,0,0,0,0,16,0,2,2,0,0,,,,
1430598783.87632,pg_catalog,pg_index,54,2986,1673,2046,27,0,17,0,123,17,27,1836,29,1895,,,,
1430598783.87632,public,warehouse,36350,27423,256269,256269,1,92794,0,91092,0,371,569,6799378,5,258020,,,,
1430598783.87632,pg_catalog,pg_tablespace,57,114,3447,3447,0,0,0,0,2,0,38,3475,75,6851,,,,
1430598783.87632,pg_toast,pg_toast_2619,0,0,770,2151,127,0,66,0,61,66,63,1186,7,911,,,,
1430598783.87632,pg_catalog,pg_constraint,5,50,8,0,8,0,0,0,10,0,6,33,8,64,0,0,0,0
1430598783.87632,pg_toast,pg_toast_2618,0,0,82,257,0,0,0,0,0,0,69,43,10,87,,,,
1430598783.87632,pg_catalog,pg_cast,3,594,3358,673,0,0,0,0,198,0,10,671,13,3405,,,,
1430598783.87632,public,item,4,400000,1029494,1028487,100000,0,0,0,100000,0,11149,1027704,329,2063600,,,,
1430598783.87632,public,customer,6,180000,440518,1089633,30000,180274,0,151539,29380,13441,27132,1559829,3689,1096099,,,,
1430598783.87632,pg_catalog,pg_ts_config,3,48,0,0,0,0,0,0,16,0,2,2,0,0,,,,
1430598783.87632,pg_catalog,pg_ts_parser,3,3,0,0,0,0,0,0,1,0,2,2,0,0,,,,
1430598783.87632,pg_toast,pg_toast_2620,0,0,0,0,0,0,0,0,0,0,0,0,0,0,,,,
1430598783.87632,pg_toast,pg_toast_2396,0,0,0,0,0,0,0,0,0,0,0,0,0,0,,,,
1430598783.87632,pg_catalog,pg_largeobject,2,0,0,0,0,0,0,0,0,0,0,0,0,0,,,,
1430598783.87632,pg_catalog,pg_enum,4,0,0,0,0,0,0,0,0,0,0,0,0,0,,,,
1430598783.87632,pg_catalog,pg_foreign_table,2,0,0,0,0,0,0,0,0,0,0,0,0,0,,,,
1430598783.87632,pg_catalog,pg_collation,3,1806,0,0,0,0,0,0,602,0,38,38,0,0,,,,
1430598783.87632,pg_catalog,pg_am,120,132,0,0,0,0,0,0,5,0,7,114,0,0,,,,
1430598783.87632,pg_catalog,pg_proc,3,8073,881,1167,6,0,0,0,2691,0,207,1097,69,1851,0,0,0,0
1430598783.87632,pg_catalog,pg_shdepend,27,27,3062,766,0,0,0,0,1,0,19,783,76,3186,,,,
1430598783.87632,pg_catalog,pg_language,4,16,10,10,0,0,0,0,4,0,2,13,4,18,,,,
1430598783.87632,public,new_order,4,36000,174960,165338,107100,0,76940,0,28778,13196,1351,5793846,1170,1813307,,,,
1430598783.87632,pg_catalog,pg_range,2,12,2,0,0,0,0,0,6,0,2,1,2,2,,,,
1430598783.87632,pg_catalog,pg_attribute,48,7942,4772,16892,1401,20,1219,0,2491,0,309,9032,88,15380,,,,
1430598783.87632,pg_catalog,pg_database,2080,8113,62789,62769,10,0,9,0,4,0,12,64883,166,74863,,,,
1430598783.87632,pg_catalog,pg_conversion,4,528,0,0,0,0,0,0,132,0,6,9,0,0,,,,
1430598783.87632,pg_catalog,pg_type,3,1093,1977,1618,173,0,151,0,361,0,49,2004,40,4582,,,,
1430598783.87632,pg_catalog,pg_trigger,4,0,0,0,0,0,0,0,0,0,0,0,0,0,0,0,0,0
1430598783.87632,public,stock,4,400000,2232589,2065450,100000,1028487,0,0,95794,539895,102337,6324560,1824,9873785,,,,
1430598783.87632,information_schema,sql_implementation_info,1,12,,,0,0,0,0,12,0,2,0,,,0,0,0,0
1430598783.87632,information_schema,sql_languages,1,4,,,0,0,0,0,4,0,2,0,,,0,0,0,0
1430598783.87632,pg_toast,pg_toast_12309,0,0,0,0,0,0,0,0,0,0,0,0,0,0,,,,
1430598783.87632,pg_toast,pg_toast_12334,0,0,0,0,0,0,0,0,0,0,0,0,0,0,,,,
1430598783.87632,public,order_line,4,1138512,192222,2078367,1313115,908147,0,454135,1165888,414207,63782,4221645,21550,5050315,,,,
1430598783.87632,pg_catalog,pg_amop,4,1744,582,733,0,0,0,0,436,0,21,732,50,1234,,,,
1430598783.87632,pg_toast,pg_toast_1255,0,0,0,0,0,0,0,0,0,0,0,0,0,0,,,,
1430598783.87632,pg_toast,pg_toast_12314,0,0,0,0,0,0,0,0,0,0,0,0,0,0,,,,
1430598783.87632,pg_toast,pg_toast_12324,0,0,0,0,0,0,0,0,0,0,0,0,0,0,,,,
1430598783.87632,pg_catalog,pg_amproc,11,1048,410,628,0,0,0,0,344,0,17,412,25,901,,,,
1430598783.87632,pg_toast,pg_toast_2964,0,0,0,0,0,0,0,0,0,0,0,0,0,0,,,,
1430598783.87632,pg_catalog,pg_ts_template,3,15,0,0,0,0,0,0,5,0,2,2,0,0,,,,
1430598783.87632,pg_catalog,pg_db_role_setting,27,0,24472,0,0,0,0,0,0,0,0,0,40,24432,0,0,0,0
1430598783.87632,pg_toast,pg_toast_2609,0,0,0,0,0,0,0,0,0,0,0,0,0,0,,,,
1430598783.87632,information_schema,sql_parts,1,9,,,0,0,0,0,9,0,2,0,,,0,0,0,0
1430598783.87632,pg_catalog,pg_class,103,11486,5886,5356,122,324,101,69,316,0,66,7396,72,11117,,,,
1430598783.87632,pg_catalog,pg_seclabel,2,0,252,0,0,0,0,0,0,0,0,0,2,250,0,0,0,0
1430598783.87632,pg_catalog,pg_ts_config_map,2,608,0,0,0,0,0,0,304,0,4,2,0,0,,,,
1430598783.87632,information_schema,sql_sizing,1,23,,,0,0,0,0,23,0,2,0,,,0,0,0,0
1430598783.87632,pg_toast,pg_toast_12339,0,0,0,0,0,0,0,0,0,0,0,0,0,0,,,,
1430598783.87632,information_schema,sql_packages,1,10,,,0,0,0,0,10,0,2,0,,,0,0,0,0
1430598783.87632,pg_toast,pg_toast_2606,0,0,0,0,0,0,0,0,0,0,0,0,0,0,,,,
1430598783.87632,pg_catalog,pg_pltemplate,18,144,0,0,0,0,0,0,8,0,18,9,0,0,,,,
1430598783.87632,pg_catalog,pg_auth_members,27,0,0,0,0,0,0,0,0,0,0,0,0,0,,,,
1430598783.87632,pg_catalog,pg_depend,3,20120,2731,2507,348,0,256,0,6672,256,103,3172,39,6884,,,,
1430598783.87632,pg_toast,pg_toast_2604,0,0,0,0,0,0,0,0,0,0,0,0,0,0,,,,
1430598783.87632,pg_catalog,pg_shseclabel,18,0,9,0,0,0,0,0,0,0,0,0,9,0,,,,
1430598783.87632,information_schema,sql_features,1,672,,,0,0,0,0,672,0,14,0,,,0,0,0,0
1430598783.87632,pg_toast,pg_toast_12319,0,0,0,0,0,0,0,0,0,0,0,0,0,0,,,,
1430598783.87632,pg_catalog,pg_description,2,7372,252,0,0,0,0,0,3686,0,64,32,6,501,0,0,0,0
1430598783.87632,pg_catalog,pg_namespace,13,78,760,658,0,0,0,0,6,0,6,666,24,862,,,,
1430598783.87632,information_schema,sql_sizing_profiles,1,0,,,0,0,0,0,0,0,0,0,,,0,0,0,0
1430598783.87632,pg_catalog,pg_foreign_server,3,0,0,0,0,0,0,0,0,0,0,0,0,0,,,,
1430598843.86421,public,orders,6,180000,225885,318975,151277,107590,0,67096,148408,15251,22321,637292,10103,1552510,,,,
1430598843.86421,pg_catalog,pg_operator,3,2295,583,2993,0,0,0,0,765,0,62,2120,53,1250,,,,
1430598843.86421,pg_catalog,pg_extension,3,3,0,0,0,0,0,0,1,0,2,2,0,0,,,,
1430598843.86421,pg_catalog,pg_authid,381,381,9056,9056,0,0,0,0,1,0,41,9405,144,17968,,,,
1430598843.86421,pg_catalog,pg_statistic,2,798,3714,3505,92,617,0,266,491,46,214,5088,44,8376,172,1425,11,1008
1430598843.86421,pg_catalog,pg_opfamily,3,258,0,0,0,0,0,0,86,0,4,4,0,0,,,,
1430598843.86421,pg_catalog,pg_shdescription,22,63,9,0,0,0,0,0,3,0,19,12,19,0,0,0,0,0
1430598843.86421,public,district,231022,2134920,280358,280358,10,236091,0,232754,10,9954,3661,26264604,7,618238,,,,
1430598843.86421,pg_catalog,pg_event_trigger,3,0,27,0,0,0,0,0,0,0,0,0,2,25,,,,
1430598843.86421,pg_catalog,pg_user_mapping,3,0,0,0,0,0,0,0,0,0,0,0,0,0,,,,
1430598843.86421,pg_catalog,pg_inherits,3,0,84,0,0,0,0,0,0,0,0,0,2,82,,,,
1430598843.86421,pg_toast,pg_toast_3596,0,0,0,0,0,0,0,0,0,0,0,0,0,0,,,,
1430598843.86421,pg_catalog,pg_rewrite,3,327,37,37,0,0,0,0,109,0,47,34,10,54,75,44,24,186
1430598843.86421,pg_catalog,pg_foreign_data_wrapper,3,0,0,0,0,0,0,0,0,0,0,0,0,0,,,,
1430598843.86421,pg_catalog,pg_largeobject_metadata,2,0,0,0,0,0,0,0,0,0,0,0,0,0,,,,
1430598843.86421,pg_catalog,pg_opclass,11,392,608,8325,0,0,0,0,128,0,31,2961,40,726,,,,
1430598843.86421,pg_catalog,pg_attrdef,3,0,0,0,0,0,0,0,0,0,0,0,0,0,0,0,0,0
1430598843.86421,pg_catalog,pg_default_acl,3,0,59,0,0,0,0,0,0,0,0,0,2,57,,,,
1430598843.86421,public,history,1,30000,,,144814,0,0,0,142841,0,3892,118530,,,,,,
1430598843.86421,pg_catalog,pg_aggregate,2,266,27,27,0,0,0,0,133,0,9,24,10,34,,,,
1430598843.86421,pg_toast,pg_toast_12329,0,0,0,0,0,0,0,0,0,0,0,0,0,0,,,,
1430598843.86421,pg_catalog,pg_ts_dict,3,48,0,0,0,0,0,0,16,0,2,2,0,0,,,,
1430598843.86421,pg_catalog,pg_index,59,3601,1816,2234,27,0,17,0,123,17,38,1982,45,2036,,,,
1430598843.86421,public,warehouse,36350,27423,323486,323486,1,114814,0,112697,0,6403,1500,9289225,5,325653,,,,
1430598843.86421,pg_catalog,pg_tablespace,57,114,3452,3452,0,0,0,0,2,0,39,3479,77,6859,,,,
1430598843.86421,pg_toast,pg_toast_2619,0,0,838,2505,158,0,98,0,91,32,172,1425,11,1008,,,,
1430598843.86421,pg_catalog,pg_constraint,5,50,8,0,8,0,0,0,10,0,6,33,8,64,0,0,0,0
1430598843.86421,pg_toast,pg_toast_2618,0,0,87,273,0,0,0,0,0,0,75,44,12,93,,,,
1430598843.86421,pg_catalog,pg_cast,3,594,3541,721,0,0,0,0,198,0,13,716,17,3590,,,,
1430598843.86421,public,item,4,400000,1273550,1272333,100000,0,0,0,100000,0,14805,1267894,364,2552894,,,,
1430598843.86421,public,customer,6,180000,544414,1348319,30000,222404,0,188173,29708,14383,40988,1916813,5851,1347815,,,,
1430598843.86421,pg_catalog,pg_ts_config,3,48,0,0,0,0,0,0,16,0,2,2,0,0,,,,
1430598843.86421,pg_catalog,pg_ts_parser,3,3,0,0,0,0,0,0,1,0,2,2,0,0,,,,
1430598843.86421,pg_toast,pg_toast_2620,0,0,0,0,0,0,0,0,0,0,0,0,0,0,,,,
1430598843.86421,pg_toast,pg_toast_2396,0,0,0,0,0,0,0,0,0,0,0,0,0,0,,,,
1430598843.86421,pg_catalog,pg_largeobject,2,0,0,0,0,0,0,0,0,0,0,0,0,0,,,,
1430598843.86421,pg_catalog,pg_enum,4,0,0,0,0,0,0,0,0,0,0,0,0,0,,,,
1430598843.86421,pg_catalog,pg_foreign_table,2,0,0,0,0,0,0,0,0,0,0,0,0,0,,,,
1430598843.86421,pg_catalog,pg_collation,3,1806,0,0,0,0,0,0,602,0,38,38,0,0,,,,
1430598843.86421,pg_catalog,pg_am,128,140,0,0,0,0,0,0,5,0,9,120,0,0,,,,
1430598843.86421,pg_catalog,pg_proc,3,8073,959,1280,6,0,0,0,2691,0,220,1177,81,2005,0,0,0,0
1430598843.86421,pg_catalog,pg_shdepend,27,27,3062,766,0,0,0,0,1,0,19,783,76,3186,,,,
1430598843.86421,pg_catalog,pg_language,4,16,10,10,0,0,0,0,4,0,2,13,4,18,,,,
1430598843.86421,public,new_order,4,36000,215180,203077,130277,0,94390,0,34215,10501,2492,8030169,1960,2189631,,,,
1430598843.86421,pg_catalog,pg_range,2,12,2,0,0,0,0,0,6,0,2,1,2,2,,,,
1430598843.86421,pg_catalog,pg_attribute,48,7942,5221,18965,1401,20,1219,0,2491,0,354,9539,111,16265,,,,
1430598843.86421,pg_catalog,pg_database,2082,8121,62822,62802,10,0,9,0,4,0,14,64916,175,74899,,,,
1430598843.86421,pg_catalog,pg_conversion,4,528,0,0,0,0,0,0,132,0,6,9,0,0,,,,
1430598843.86421,pg_catalog,pg_type,3,1093,2076,1717,173,0,151,0,361,0,56,2096,46,4780,,,,
1430598843.86421,pg_catalog,pg_trigger,4,0,0,0,0,0,0,0,0,0,0,0,0,0,0,0,0,0
1430598843.86421,public,stock,4,400000,2767399,2555535,100000,1272333,0,0,96690,96882,145706,8030469,2258,12245111,,,,
1430598843.86421,information_schema,sql_implementation_info,1,12,,,0,0,0,0,12,0,2,0,,,0,0,0,0
1430598843.86421,information_schema,sql_languages,1,4,,,0,0,0,0,4,0,2,0,,,0,0,0,0
1430598843.86421,pg_toast,pg_toast_12309,0,0,0,0,0,0,0,0,0,0,0,0,0,0,,,,
1430598843.86421,pg_toast,pg_toast_12334,0,0,0,0,0,0,0,0,0,0,0,0,0,0,,,,
1430598843.86421,public,order_line,4,1138512,236740,2569352,1556961,1119289,0,527841,1407732,582411,73499,5347105,26825,6333024,,,,
1430598843.86421,pg_catalog,pg_amop,4,1744,639,799,0,0,0,0,436,0,29,790,63,1345,,,,
1430598843.86421,pg_toast,pg_toast_1255,0,0,0,0,0,0,0,0,0,0,0,0,0,0,,,,
1430598843.86421,pg_toast,pg_toast_12314,0,0,0,0,0,0,0,0,0,0,0,0,0,0,,,,
1430598843.86421,pg_toast,pg_toast_12324,0,0,0,0,0,0,0,0,0,0,0,0,0,0,,,,
1430598843.86421,pg_catalog,pg_amproc,11,1048,441,669,0,0,0,0,344,0,22,435,35,961,,,,
1430598843.86421,pg_toast,pg_toast_2964,0,0,0,0,0,0,0,0,0,0,0,0,0,0,,,,
1430598843.86421,pg_catalog,pg_ts_template,3,15,0,0,0,0,0,0,5,0,2,2,0,0,,,,
1430598843.86421,pg_catalog,pg_db_role_setting,27,0,24496,0,0,0,0,0,0,0,0,0,42,24454,0,0,0,0
1430598843.86421,pg_toast,pg_toast_2609,0,0,0,0,0,0,0,0,0,0,0,0,0,0,,,,
1430598843.86421,information_schema,sql_parts,1,9,,,0,0,0,0,9,0,2,0,,,0,0,0,0
1430598843.86421,pg_catalog,pg_class,113,14347,6591,5938,122,324,101,69,316,0,102,8043,91,11918,,,,
1430598843.86421,pg_catalog,pg_seclabel,2,0,252,0,0,0,0,0,0,0,0,0,2,250,0,0,0,0
1430598843.86421,pg_catalog,pg_ts_config_map,2,608,0,0,0,0,0,0,304,0,4,2,0,0,,,,
1430598843.86421,information_schema,sql_sizing,1,23,,,0,0,0,0,23,0,2,0,,,0,0,0,0
1430598843.86421,pg_toast,pg_toast_12339,0,0,0,0,0,0,0,0,0,0,0,0,0,0,,,,
1430598843.86421,information_schema,sql_packages,1,10,,,0,0,0,0,10,0,2,0,,,0,0,0,0
1430598843.86421,pg_toast,pg_toast_2606,0,0,0,0,0,0,0,0,0,0,0,0,0,0,,,,
1430598843.86421,pg_catalog,pg_pltemplate,18,144,0,0,0,0,0,0,8,0,18,9,0,0,,,,
1430598843.86421,pg_catalog,pg_auth_members,27,0,0,0,0,0,0,0,0,0,0,0,0,0,,,,
1430598843.86421,pg_catalog,pg_depend,3,20120,2731,2507,348,0,256,0,6672,256,103,3172,39,6884,,,,
1430598843.86421,pg_toast,pg_toast_2604,0,0,0,0,0,0,0,0,0,0,0,0,0,0,,,,
1430598843.86421,pg_catalog,pg_shseclabel,18,0,9,0,0,0,0,0,0,0,0,0,9,0,,,,
1430598843.86421,information_schema,sql_features,1,672,,,0,0,0,0,672,0,14,0,,,0,0,0,0
1430598843.86421,pg_toast,pg_toast_12319,0,0,0,0,0,0,0,0,0,0,0,0,0,0,,,,
1430598843.86421,pg_catalog,pg_description,2,7372,252,0,0,0,0,0,3686,0,64,32,6,501,0,0,0,0
1430598843.86421,pg_catalog,pg_namespace,15,90,901,794,0,0,0,0,6,0,10,800,32,1003,,,,
1430598843.86421,information_schema,sql_sizing_profiles,1,0,,,0,0,0,0,0,0,0,0,,,0,0,0,0
1430598843.86421,pg_catalog,pg_foreign_server,3,0,0,0,0,0,0,0,0,0,0,0,0,0,,,,
1430598903.86381,public,orders,6,180000,251665,366804,165308,119850,0,69764,162300,24962,37279,720766,21419,1761432,,,,
1430598903.86381,pg_catalog,pg_operator,3,2295,600,3010,0,0,0,0,765,0,65,2134,59,1286,,,,
1430598903.86381,pg_catalog,pg_extension,3,3,0,0,0,0,0,0,1,0,2,2,0,0,,,,
1430598903.86381,pg_catalog,pg_authid,381,381,9056,9056,0,0,0,0,1,0,41,9405,144,17968,,,,
1430598903.86381,pg_catalog,pg_statistic,2,798,4119,3904,92,617,0,266,491,40,220,5481,48,9187,172,1795,11,1288
1430598903.86381,pg_catalog,pg_opfamily,3,258,0,0,0,0,0,0,86,0,4,4,0,0,,,,
1430598903.86381,pg_catalog,pg_shdescription,22,63,9,0,0,0,0,0,3,0,19,12,19,0,0,0,0,0
1430598903.86381,public,district,231022,2134920,337774,337774,10,263601,0,259272,10,289,4092,30303202,9,752420,,,,
1430598903.86381,pg_catalog,pg_event_trigger,3,0,27,0,0,0,0,0,0,0,0,0,2,25,,,,
1430598903.86381,pg_catalog,pg_user_mapping,3,0,0,0,0,0,0,0,0,0,0,0,0,0,,,,
1430598903.86381,pg_catalog,pg_inherits,3,0,84,0,0,0,0,0,0,0,0,0,2,82,,,,
1430598903.86381,pg_toast,pg_toast_3596,0,0,0,0,0,0,0,0,0,0,0,0,0,0,,,,
1430598903.86381,pg_catalog,pg_rewrite,3,327,44,44,0,0,0,0,109,0,52,36,12,64,81,45,28,198
1430598903.86381,pg_catalog,pg_foreign_data_wrapper,3,0,0,0,0,0,0,0,0,0,0,0,0,0,,,,
1430598903.86381,pg_catalog,pg_largeobject_metadata,2,0,0,0,0,0,0,0,0,0,0,0,0,0,,,,
1430598903.86381,pg_catalog,pg_opclass,11,392,623,8507,0,0,0,0,128,0,34,3025,44,744,,,,
1430598903.86381,pg_catalog,pg_attrdef,3,0,0,0,0,0,0,0,0,0,0,0,0,0,0,0,0,0
1430598903.86381,pg_catalog,pg_default_acl,3,0,59,0,0,0,0,0,0,0,0,0,2,57,,,,
1430598903.86381,public,history,1,30000,,,158293,0,0,0,156533,0,4053,132329,,,,,,
1430598903.86381,pg_catalog,pg_aggregate,2,266,28,28,0,0,0,0,133,0,10,24,12,34,,,,
1430598903.86381,pg_toast,pg_toast_12329,0,0,0,0,0,0,0,0,0,0,0,0,0,0,,,,
1430598903.86381,pg_catalog,pg_ts_dict,3,48,0,0,0,0,0,0,16,0,2,2,0,0,,,,
1430598903.86381,pg_catalog,pg_index,64,4216,1912,2363,27,0,17,0,123,17,41,2090,49,2137,,,,
1430598903.86381,public,warehouse,36350,27423,364475,364475,1,128293,0,125943,1,429,1721,15842901,6,366884,,,,
1430598903.86381,pg_catalog,pg_tablespace,57,114,3452,3452,0,0,0,0,2,0,39,3479,77,6859,,,,
1430598903.86381,pg_toast,pg_toast_2619,0,0,1108,3255,158,0,98,0,91,32,172,1795,11,1288,,,,
1430598903.86381,pg_catalog,pg_constraint,5,50,8,0,8,0,0,0,10,0,6,33,8,64,0,0,0,0
1430598903.86381,pg_toast,pg_toast_2618,0,0,92,289,0,0,0,0,0,0,81,45,14,99,,,,
1430598903.86381,pg_catalog,pg_cast,3,594,3610,749,0,0,0,0,198,0,14,743,19,3662,,,,
1430598903.86381,public,item,4,400000,1421324,1419968,100000,0,0,0,100000,0,24694,1405640,939,2848579,,,,
1430598903.86381,public,customer,6,180000,607712,1509022,30000,248143,0,197857,28111,21663,77189,2288225,10980,1560811,,,,
1430598903.86381,pg_catalog,pg_ts_config,3,48,0,0,0,0,0,0,16,0,2,2,0,0,,,,
1430598903.86381,pg_catalog,pg_ts_parser,3,3,0,0,0,0,0,0,1,0,2,2,0,0,,,,
1430598903.86381,pg_toast,pg_toast_2620,0,0,0,0,0,0,0,0,0,0,0,0,0,0,,,,
1430598903.86381,pg_toast,pg_toast_2396,0,0,0,0,0,0,0,0,0,0,0,0,0,0,,,,
1430598903.86381,pg_catalog,pg_largeobject,2,0,0,0,0,0,0,0,0,0,0,0,0,0,,,,
1430598903.86381,pg_catalog,pg_enum,4,0,0,0,0,0,0,0,0,0,0,0,0,0,,,,
1430598903.86381,pg_catalog,pg_foreign_table,2,0,0,0,0,0,0,0,0,0,0,0,0,0,,,,
1430598903.86381,pg_catalog,pg_collation,3,1806,0,0,0,0,0,0,602,0,38,38,0,0,,,,
1430598903.86381,pg_catalog,pg_am,132,144,0,0,0,0,0,0,5,0,10,123,0,0,,,,
1430598903.86381,pg_catalog,pg_proc,3,8073,1037,1393,6,0,0,0,2691,0,233,1257,93,2159,0,0,0,0
1430598903.86381,pg_catalog,pg_shdepend,27,27,3062,766,0,0,0,0,1,0,19,783,76,3186,,,,
1430598903.86381,pg_catalog,pg_language,4,16,10,10,0,0,0,0,4,0,2,13,4,18,,,,
1430598903.86381,public,new_order,4,36000,239700,226310,144308,0,105240,0,37257,21490,2634,15305917,2147,2451803,,,,
1430598903.86381,pg_catalog,pg_range,2,12,2,0,0,0,0,0,6,0,2,1,2,2,,,,
1430598903.86381,pg_catalog,pg_attribute,48,7942,5525,20266,1401,20,1219,0,2491,0,368,9921,117,16873,,,,
1430598903.86381,pg_catalog,pg_database,2082,8121,62822,62802,10,0,9,0,4,0,14,64916,175,74899,,,,
1430598903.86381,pg_catalog,pg_conversion,4,528,0,0,0,0,0,0,132,0,6,9,0,0,,,,
1430598903.86381,pg_catalog,pg_type,3,1093,2168,1809,173,0,151,0,361,0,60,2184,49,4966,,,,
1430598903.86381,pg_catalog,pg_trigger,4,0,0,0,0,0,0,0,0,0,0,0,0,0,0,0,0,0
1430598903.86381,public,stock,4,400000,3089975,2852008,100000,1419968,0,0,107756,571648,198885,12495872,5949,13683539,,,,
1430598903.86381,information_schema,sql_implementation_info,1,12,,,0,0,0,0,12,0,2,0,,,0,0,0,0
1430598903.86381,information_schema,sql_languages,1,4,,,0,0,0,0,4,0,2,0,,,0,0,0,0
1430598903.86381,pg_toast,pg_toast_12309,0,0,0,0,0,0,0,0,0,0,0,0,0,0,,,,
1430598903.86381,pg_toast,pg_toast_12334,0,0,0,0,0,0,0,0,0,0,0,0,0,0,,,,
1430598903.86381,public,order_line,4,1138512,263713,2866956,1704596,1247921,0,542516,1554067,708346,81765,6157517,30443,7201990,,,,
1430598903.86381,pg_catalog,pg_amop,4,1744,672,840,0,0,0,0,436,0,31,829,69,1413,,,,
1430598903.86381,pg_toast,pg_toast_1255,0,0,0,0,0,0,0,0,0,0,0,0,0,0,,,,
1430598903.86381,pg_toast,pg_toast_12314,0,0,0,0,0,0,0,0,0,0,0,0,0,0,,,,
1430598903.86381,pg_toast,pg_toast_12324,0,0,0,0,0,0,0,0,0,0,0,0,0,0,,,,
1430598903.86381,pg_catalog,pg_amproc,11,1048,455,690,0,0,0,0,344,0,22,449,36,992,,,,
1430598903.86381,pg_toast,pg_toast_2964,0,0,0,0,0,0,0,0,0,0,0,0,0,0,,,,
1430598903.86381,pg_catalog,pg_ts_template,3,15,0,0,0,0,0,0,5,0,2,2,0,0,,,,
1430598903.86381,pg_catalog,pg_db_role_setting,27,0,24496,0,0,0,0,0,0,0,0,0,42,24454,0,0,0,0
1430598903.86381,pg_toast,pg_toast_2609,0,0,0,0,0,0,0,0,0,0,0,0,0,0,,,,
1430598903.86381,information_schema,sql_parts,1,9,,,0,0,0,0,9,0,2,0,,,0,0,0,0
1430598903.86381,pg_catalog,pg_class,119,16243,7121,6345,122,324,101,69,316,0,111,8490,103,12517,,,,
1430598903.86381,pg_catalog,pg_seclabel,2,0,252,0,0,0,0,0,0,0,0,0,2,250,0,0,0,0
1430598903.86381,pg_catalog,pg_ts_config_map,2,608,0,0,0,0,0,0,304,0,4,2,0,0,,,,
1430598903.86381,information_schema,sql_sizing,1,23,,,0,0,0,0,23,0,2,0,,,0,0,0,0
1430598903.86381,pg_toast,pg_toast_12339,0,0,0,0,0,0,0,0,0,0,0,0,0,0,,,,
1430598903.86381,information_schema,sql_packages,1,10,,,0,0,0,0,10,0,2,0,,,0,0,0,0
1430598903.86381,pg_toast,pg_toast_2606,0,0,0,0,0,0,0,0,0,0,0,0,0,0,,,,
1430598903.86381,pg_catalog,pg_pltemplate,18,144,0,0,0,0,0,0,8,0,18,9,0,0,,,,
1430598903.86381,pg_catalog,pg_auth_members,27,0,0,0,0,0,0,0,0,0,0,0,0,0,,,,
1430598903.86381,pg_catalog,pg_depend,3,20120,2731,2507,348,0,256,0,6672,256,103,3172,39,6884,,,,
1430598903.86381,pg_toast,pg_toast_2604,0,0,0,0,0,0,0,0,0,0,0,0,0,0,,,,
1430598903.86381,pg_catalog,pg_shseclabel,18,0,9,0,0,0,0,0,0,0,0,0,9,0,,,,
1430598903.86381,information_schema,sql_features,1,672,,,0,0,0,0,672,0,14,0,,,0,0,0,0
1430598903.86381,pg_toast,pg_toast_12319,0,0,0,0,0,0,0,0,0,0,0,0,0,0,,,,
1430598903.86381,pg_catalog,pg_description,2,7372,252,0,0,0,0,0,3686,0,64,32,6,501,0,0,0,0
1430598903.86381,pg_catalog,pg_namespace,17,102,1039,927,0,0,0,0,6,0,11,934,36,1144,,,,
1430598903.86381,information_schema,sql_sizing_profiles,1,0,,,0,0,0,0,0,0,0,0,,,0,0,0,0
1430598903.86381,pg_catalog,pg_foreign_server,3,0,0,0,0,0,0,0,0,0,0,0,0,0,,,,
1430598963.86099,public,orders,6,180000,302258,464640,192317,143970,0,90012,189895,28769,53599,867921,32018,2089788,,,,
1430598963.86099,pg_catalog,pg_operator,3,2295,629,3039,0,0,0,0,765,0,76,2152,74,1339,,,,
1430598963.86099,pg_catalog,pg_extension,3,3,0,0,0,0,0,0,1,0,2,2,0,0,,,,
1430598963.86099,pg_catalog,pg_authid,383,383,9077,9077,0,0,0,0,1,0,44,9425,154,18000,,,,
1430598963.86099,pg_catalog,pg_statistic,2,798,4553,4332,92,696,0,323,491,107,259,6021,59,10095,217,2047,15,1447
1430598963.86099,pg_catalog,pg_opfamily,3,258,0,0,0,0,0,0,86,0,4,4,0,0,,,,
1430598963.86099,pg_catalog,pg_shdescription,22,63,9,0,0,0,0,0,3,0,19,12,19,0,0,0,0,0
1430598963.86099,public,district,231022,2134920,448123,448123,10,316448,0,311954,10,225,6629,30746365,10,1016581,,,,
1430598963.86099,pg_catalog,pg_event_trigger,3,0,27,0,0,0,0,0,0,0,0,0,2,25,,,,
1430598963.86099,pg_catalog,pg_user_mapping,3,0,0,0,0,0,0,0,0,0,0,0,0,0,,,,
1430598963.86099,pg_catalog,pg_inherits,3,0,84,0,0,0,0,0,0,0,0,0,2,82,,,,
1430598963.86099,pg_toast,pg_toast_3596,0,0,0,0,0,0,0,0,0,0,0,0,0,0,,,,
1430598963.86099,pg_catalog,pg_rewrite,3,327,51,51,0,0,0,0,109,0,57,38,14,74,87,46,32,210
1430598963.86099,pg_catalog,pg_foreign_data_wrapper,3,0,0,0,0,0,0,0,0,0,0,0,0,0,,,,
1430598963.86099,pg_catalog,pg_largeobject_metadata,2,0,0,0,0,0,0,0,0,0,0,0,0,0,,,,
1430598963.86099,pg_catalog,pg_opclass,15,396,675,9242,0,0,0,0,128,0,46,3265,57,795,,,,
1430598963.86099,pg_catalog,pg_attrdef,3,0,0,0,0,0,0,0,0,0,0,0,0,0,0,0,0,0
1430598963.86099,pg_catalog,pg_default_acl,3,0,59,0,0,0,0,0,0,0,0,0,2,57,,,,
1430598963.86099,public,history,1,30000,,,184131,0,0,0,182371,0,6107,158761,,,,,,
1430598963.86099,pg_catalog,pg_aggregate,2,266,29,29,0,0,0,0,133,0,11,24,14,34,,,,
1430598963.86099,pg_toast,pg_toast_12329,0,0,0,0,0,0,0,0,0,0,0,0,0,0,,,,
1430598963.86099,pg_catalog,pg_ts_dict,3,48,0,0,0,0,0,0,16,0,2,2,0,0,,,,
1430598963.86099,pg_catalog,pg_index,83,4845,2171,2647,27,0,17,0,123,17,54,2372,64,2395,,,,
1430598963.86099,public,warehouse,36350,27423,443160,443160,1,154131,0,151297,1,581,3060,16413972,7,446064,,,,
1430598963.86099,pg_catalog,pg_tablespace,57,114,3462,3462,0,0,0,0,2,0,41,3487,81,6875,,,,
1430598963.86099,pg_toast,pg_toast_2619,0,0,1192,3407,235,0,174,0,92,108,217,2047,15,1447,,,,
1430598963.86099,pg_catalog,pg_constraint,5,50,8,0,8,0,0,0,10,0,6,33,8,64,0,0,0,0
1430598963.86099,pg_toast,pg_toast_2618,0,0,97,305,0,0,0,0,0,0,87,46,16,105,,,,
1430598963.86099,pg_catalog,pg_cast,3,594,3907,817,0,0,0,0,198,0,20,805,25,3960,,,,
1430598963.86099,public,item,4,400000,1704959,1703345,100000,0,0,0,100000,0,29659,1684052,995,3417105,,,,
1430598963.86099,public,customer,6,180000,729747,1820037,30000,298101,0,247425,28111,30495,105023,2669566,15113,1824679,,,,
1430598963.86099,pg_catalog,pg_ts_config,3,48,0,0,0,0,0,0,16,0,2,2,0,0,,,,
1430598963.86099,pg_catalog,pg_ts_parser,3,3,0,0,0,0,0,0,1,0,2,2,0,0,,,,
1430598963.86099,pg_toast,pg_toast_2620,0,0,0,0,0,0,0,0,0,0,0,0,0,0,,,,
1430598963.86099,pg_toast,pg_toast_2396,0,0,0,0,0,0,0,0,0,0,0,0,0,0,,,,
1430598963.86099,pg_catalog,pg_largeobject,2,0,0,0,0,0,0,0,0,0,0,0,0,0,,,,
1430598963.86099,pg_catalog,pg_enum,4,0,0,0,0,0,0,0,0,0,0,0,0,0,,,,
1430598963.86099,pg_catalog,pg_foreign_table,2,0,0,0,0,0,0,0,0,0,0,0,0,0,,,,
1430598963.86099,pg_catalog,pg_collation,3,1806,0,0,0,0,0,0,602,0,38,38,0,0,,,,
1430598963.86099,pg_catalog,pg_am,139,151,0,0,0,0,0,0,5,0,13,127,0,0,,,,
1430598963.86099,pg_catalog,pg_proc,3,8073,1115,1506,6,0,0,0,2691,0,246,1337,105,2313,0,0,0,0
1430598963.86099,pg_catalog,pg_shdepend,27,27,3062,766,0,0,0,0,1,0,19,783,76,3186,,,,
1430598963.86099,pg_catalog,pg_language,4,16,10,10,0,0,0,0,4,0,2,13,4,18,,,,
1430598963.86099,public,new_order,4,36000,287940,272039,171317,0,126640,0,42926,25159,3995,15561785,3004,2950561,,,,
1430598963.86099,pg_catalog,pg_range,2,12,2,0,0,0,0,0,6,0,2,1,2,2,,,,
1430598963.86099,pg_catalog,pg_attribute,70,8092,6131,22364,1401,20,1219,0,2491,0,450,10862,140,18073,,,,
1430598963.86099,pg_catalog,pg_database,2086,8137,62893,62873,10,0,9,0,4,0,17,64988,187,74982,,,,
1430598963.86099,pg_catalog,pg_conversion,4,528,0,0,0,0,0,0,132,0,6,9,0,0,,,,
1430598963.86099,pg_catalog,pg_type,3,1093,2274,1915,173,0,151,0,361,0,69,2281,59,5175,,,,
1430598963.86099,pg_catalog,pg_trigger,4,0,0,0,0,0,0,0,0,0,0,0,0,0,0,0,0,0
1430598963.86099,public,stock,4,400000,3708964,3421022,100000,1703345,0,0,107756,855025,276572,13376509,6594,16467695,,,,
1430598963.86099,information_schema,sql_implementation_info,1,12,,,0,0,0,0,12,0,2,0,,,0,0,0,0
1430598963.86099,information_schema,sql_languages,1,4,,,0,0,0,0,4,0,2,0,,,0,0,0,0
1430598963.86099,pg_toast,pg_toast_12309,0,0,0,0,0,0,0,0,0,0,0,0,0,0,,,,
1430598963.86099,pg_toast,pg_toast_12334,0,0,0,0,0,0,0,0,0,0,0,0,0,0,,,,
1430598963.86099,public,order_line,4,1138512,316701,3450758,1987973,1501768,0,715499,1834974,831268,93058,7113637,36440,8458738,,,,
1430598963.86099,pg_catalog,pg_amop,4,1744,753,931,0,0,0,0,436,0,43,908,89,1567,,,,
1430598963.86099,pg_toast,pg_toast_1255,0,0,0,0,0,0,0,0,0,0,0,0,0,0,,,,
1430598963.86099,pg_toast,pg_toast_12314,0,0,0,0,0,0,0,0,0,0,0,0,0,0,,,,
1430598963.86099,pg_toast,pg_toast_12324,0,0,0,0,0,0,0,0,0,0,0,0,0,0,,,,
1430598963.86099,pg_catalog,pg_amproc,15,1056,500,742,0,0,0,0,344,0,31,491,49,1076,,,,
1430598963.86099,pg_toast,pg_toast_2964,0,0,0,0,0,0,0,0,0,0,0,0,0,0,,,,
1430598963.86099,pg_catalog,pg_ts_template,3,15,0,0,0,0,0,0,5,0,2,2,0,0,,,,
1430598963.86099,pg_catalog,pg_db_role_setting,27,0,24544,0,0,0,0,0,0,0,0,0,45,24499,0,0,0,0
1430598963.86099,pg_toast,pg_toast_2609,0,0,0,0,0,0,0,0,0,0,0,0,0,0,,,,
1430598963.86099,information_schema,sql_parts,1,9,,,0,0,0,0,9,0,2,0,,,0,0,0,0
1430598963.86099,pg_catalog,pg_class,155,20091,7970,7071,122,324,101,69,316,0,142,9403,119,13464,,,,
1430598963.86099,pg_catalog,pg_seclabel,2,0,252,0,0,0,0,0,0,0,0,0,2,250,0,0,0,0
1430598963.86099,pg_catalog,pg_ts_config_map,2,608,0,0,0,0,0,0,304,0,4,2,0,0,,,,
1430598963.86099,information_schema,sql_sizing,1,23,,,0,0,0,0,23,0,2,0,,,0,0,0,0
1430598963.86099,pg_toast,pg_toast_12339,0,0,0,0,0,0,0,0,0,0,0,0,0,0,,,,
1430598963.86099,information_schema,sql_packages,1,10,,,0,0,0,0,10,0,2,0,,,0,0,0,0
1430598963.86099,pg_toast,pg_toast_2606,0,0,0,0,0,0,0,0,0,0,0,0,0,0,,,,
1430598963.86099,pg_catalog,pg_pltemplate,18,144,0,0,0,0,0,0,8,0,18,9,0,0,,,,
1430598963.86099,pg_catalog,pg_auth_members,27,0,0,0,0,0,0,0,0,0,0,0,0,0,,,,
1430598963.86099,pg_catalog,pg_depend,3,20120,2731,2507,348,0,256,0,6672,256,103,3172,39,6884,,,,
1430598963.86099,pg_toast,pg_toast_2604,0,0,0,0,0,0,0,0,0,0,0,0,0,0,,,,
1430598963.86099,pg_catalog,pg_shseclabel,18,0,9,0,0,0,0,0,0,0,0,0,9,0,,,,
1430598963.86099,information_schema,sql_features,1,672,,,0,0,0,0,672,0,14,0,,,0,0,0,0
1430598963.86099,pg_toast,pg_toast_12319,0,0,0,0,0,0,0,0,0,0,0,0,0,0,,,,
1430598963.86099,pg_catalog,pg_description,2,7372,252,0,0,0,0,0,3686,0,64,32,6,501,0,0,0,0
1430598963.86099,pg_catalog,pg_namespace,19,114,1179,1062,0,0,0,0,6,0,13,1069,43,1286,,,,
1430598963.86099,information_schema,sql_sizing_profiles,1,0,,,0,0,0,0,0,0,0,0,,,0,0,0,0
1430598963.86099,pg_catalog,pg_foreign_server,3,0,0,0,0,0,0,0,0,0,0,0,0,0,,,,
1430599023.89314,public,orders,6,180000,351695,571300,219147,167510,0,110755,216458,32018,71011,1017102,44177,2405829,,,,
1430599023.89314,pg_catalog,pg_operator,3,2295,646,3056,0,0,0,0,765,0,79,2166,80,1375,,,,
1430599023.89314,pg_catalog,pg_extension,3,3,0,0,0,0,0,0,1,0,2,2,0,0,,,,
1430599023.89314,pg_catalog,pg_authid,384,384,9088,9088,0,0,0,0,1,0,46,9435,160,18016,,,,
1430599023.89314,pg_catalog,pg_statistic,2,798,4578,4351,92,696,0,323,491,107,265,6034,63,10146,217,2047,15,1447
1430599023.89314,pg_catalog,pg_opfamily,3,258,0,0,0,0,0,0,86,0,4,4,0,0,,,,
1430599023.89314,pg_catalog,pg_shdescription,22,63,9,0,0,0,0,0,3,0,19,12,19,0,0,0,0,0
1430599023.89314,public,district,231022,2134920,558260,558260,10,369004,0,364474,10,401,6645,31303320,10,1279883,,,,
1430599023.89314,pg_catalog,pg_event_trigger,3,0,27,0,0,0,0,0,0,0,0,0,2,25,,,,
1430599023.89314,pg_catalog,pg_user_mapping,3,0,0,0,0,0,0,0,0,0,0,0,0,0,,,,
1430599023.89314,pg_catalog,pg_inherits,3,0,84,0,0,0,0,0,0,0,0,0,2,82,,,,
1430599023.89314,pg_toast,pg_toast_3596,0,0,0,0,0,0,0,0,0,0,0,0,0,0,,,,
1430599023.89314,pg_catalog,pg_rewrite,3,327,58,58,0,0,0,0,109,0,62,40,16,84,93,47,36,222
1430599023.89314,pg_catalog,pg_foreign_data_wrapper,3,0,0,0,0,0,0,0,0,0,0,0,0,0,,,,
1430599023.89314,pg_catalog,pg_largeobject_metadata,2,0,0,0,0,0,0,0,0,0,0,0,0,0,,,,
1430599023.89314,pg_catalog,pg_opclass,15,396,691,9425,0,0,0,0,128,0,49,3330,61,815,,,,
1430599023.89314,pg_catalog,pg_attrdef,3,0,0,0,0,0,0,0,0,0,0,0,0,0,0,0,0,0
1430599023.89314,pg_catalog,pg_default_acl,3,0,59,0,0,0,0,0,0,0,0,0,2,57,,,,
1430599023.89314,public,history,1,30000,,,209857,0,0,0,208097,0,6399,185071,,,,,,
1430599023.89314,pg_catalog,pg_aggregate,2,266,30,30,0,0,0,0,133,0,12,24,16,34,,,,
1430599023.89314,pg_toast,pg_toast_12329,0,0,0,0,0,0,0,0,0,0,0,0,0,0,,,,
1430599023.89314,pg_catalog,pg_ts_dict,3,48,0,0,0,0,0,0,16,0,2,2,0,0,,,,
1430599023.89314,pg_catalog,pg_index,88,5460,2228,2717,27,0,17,0,123,17,57,2441,68,2458,,,,
1430599023.89314,public,warehouse,36350,27423,521442,521442,1,179857,0,176539,1,523,3145,16912940,8,524839,,,,
1430599023.89314,pg_catalog,pg_tablespace,57,114,3467,3467,0,0,0,0,2,0,42,3491,83,6883,,,,
1430599023.89314,pg_toast,pg_toast_2619,0,0,1192,3407,235,0,174,0,92,108,217,2047,15,1447,,,,
1430599023.89314,pg_catalog,pg_constraint,5,50,8,0,8,0,0,0,10,0,6,33,8,64,0,0,0,0
1430599023.89314,pg_toast,pg_toast_2618,0,0,102,321,0,0,0,0,0,0,93,47,18,111,,,,
1430599023.89314,pg_catalog,pg_cast,3,594,3976,845,0,0,0,0,198,0,21,832,27,4032,,,,
1430599023.89314,public,item,4,400000,1987217,1985336,100000,0,0,0,100000,0,34173,1961529,1042,3982886,,,,
1430599023.89314,public,customer,6,180000,850800,2126467,30000,347367,0,296636,28111,37089,127175,3021216,18810,2084636,,,,
1430599023.89314,pg_catalog,pg_ts_config,3,48,0,0,0,0,0,0,16,0,2,2,0,0,,,,
1430599023.89314,pg_catalog,pg_ts_parser,3,3,0,0,0,0,0,0,1,0,2,2,0,0,,,,
1430599023.89314,pg_toast,pg_toast_2620,0,0,0,0,0,0,0,0,0,0,0,0,0,0,,,,
1430599023.89314,pg_toast,pg_toast_2396,0,0,0,0,0,0,0,0,0,0,0,0,0,0,,,,
1430599023.89314,pg_catalog,pg_largeobject,2,0,0,0,0,0,0,0,0,0,0,0,0,0,,,,
1430599023.89314,pg_catalog,pg_enum,4,0,0,0,0,0,0,0,0,0,0,0,0,0,,,,
1430599023.89314,pg_catalog,pg_foreign_table,2,0,0,0,0,0,0,0,0,0,0,0,0,0,,,,
1430599023.89314,pg_catalog,pg_collation,3,1806,0,0,0,0,0,0,602,0,38,38,0,0,,,,
1430599023.89314,pg_catalog,pg_am,144,156,0,0,0,0,0,0,5,0,14,131,0,0,,,,
1430599023.89314,pg_catalog,pg_proc,3,8073,1193,1619,6,0,0,0,2691,0,259,1417,117,2467,0,0,0,0
1430599023.89314,pg_catalog,pg_shdepend,27,27,3062,766,0,0,0,0,1,0,19,783,76,3186,,,,
1430599023.89314,pg_catalog,pg_language,4,16,10,10,0,0,0,0,4,0,2,13,4,18,,,,
1430599023.89314,public,new_order,4,36000,335020,316274,198147,0,147030,0,49099,45816,4265,15741049,3331,3775573,,,,
1430599023.89314,pg_catalog,pg_range,2,12,2,0,0,0,0,0,6,0,2,1,2,2,,,,
1430599023.89314,pg_catalog,pg_attribute,70,8092,6357,22870,1401,20,1219,0,2491,0,464,11116,147,18525,,,,
1430599023.89314,pg_catalog,pg_database,2089,8149,62932,62912,10,0,9,0,4,0,18,65029,198,75024,,,,
1430599023.89314,pg_catalog,pg_conversion,4,528,0,0,0,0,0,0,132,0,6,9,0,0,,,,
1430599023.89314,pg_catalog,pg_type,3,1093,2366,2007,173,0,151,0,361,0,73,2369,62,5361,,,,
1430599023.89314,pg_catalog,pg_trigger,4,0,0,0,0,0,0,0,0,0,0,0,0,0,0,0,0,0
1430599023.89314,public,stock,4,400000,4329778,3987591,100000,1985336,0,0,107756,1137016,330343,14190979,7166,19252377,,,,
1430599023.89314,information_schema,sql_implementation_info,1,12,,,0,0,0,0,12,0,2,0,,,0,0,0,0
1430599023.89314,information_schema,sql_languages,1,4,,,0,0,0,0,4,0,2,0,,,0,0,0,0
1430599023.89314,pg_toast,pg_toast_12309,0,0,0,0,0,0,0,0,0,0,0,0,0,0,,,,
1430599023.89314,pg_toast,pg_toast_12334,0,0,0,0,0,0,0,0,0,0,0,0,0,0,,,,
1430599023.89314,public,order_line,4,1138512,368576,4027440,2269964,1749406,0,887492,2114529,946073,104686,8043585,42344,9692244,,,,
1430599023.89314,pg_catalog,pg_amop,4,1744,786,972,0,0,0,0,436,0,45,947,95,1635,,,,
1430599023.89314,pg_toast,pg_toast_1255,0,0,0,0,0,0,0,0,0,0,0,0,0,0,,,,
1430599023.89314,pg_toast,pg_toast_12314,0,0,0,0,0,0,0,0,0,0,0,0,0,0,,,,
1430599023.89314,pg_toast,pg_toast_12324,0,0,0,0,0,0,0,0,0,0,0,0,0,0,,,,
1430599023.89314,pg_catalog,pg_amproc,15,1056,515,765,0,0,0,0,344,0,32,505,52,1108,,,,
1430599023.89314,pg_toast,pg_toast_2964,0,0,0,0,0,0,0,0,0,0,0,0,0,0,,,,
1430599023.89314,pg_catalog,pg_ts_template,3,15,0,0,0,0,0,0,5,0,2,2,0,0,,,,
1430599023.89314,pg_catalog,pg_db_role_setting,27,0,24572,0,0,0,0,0,0,0,0,0,48,24524,0,0,0,0
1430599023.89314,pg_toast,pg_toast_2609,0,0,0,0,0,0,0,0,0,0,0,0,0,0,,,,
1430599023.89314,information_schema,sql_parts,1,9,,,0,0,0,0,9,0,2,0,,,0,0,0,0
1430599023.89314,pg_catalog,pg_class,161,21987,8342,7320,122,324,101,69,316,0,151,9692,128,13869,,,,
1430599023.89314,pg_catalog,pg_seclabel,2,0,252,0,0,0,0,0,0,0,0,0,2,250,0,0,0,0
1430599023.89314,pg_catalog,pg_ts_config_map,2,608,0,0,0,0,0,0,304,0,4,2,0,0,,,,
1430599023.89314,information_schema,sql_sizing,1,23,,,0,0,0,0,23,0,2,0,,,0,0,0,0
1430599023.89314,pg_toast,pg_toast_12339,0,0,0,0,0,0,0,0,0,0,0,0,0,0,,,,
1430599023.89314,information_schema,sql_packages,1,10,,,0,0,0,0,10,0,2,0,,,0,0,0,0
1430599023.89314,pg_toast,pg_toast_2606,0,0,0,0,0,0,0,0,0,0,0,0,0,0,,,,
1430599023.89314,pg_catalog,pg_pltemplate,18,144,0,0,0,0,0,0,8,0,18,9,0,0,,,,
1430599023.89314,pg_catalog,pg_auth_members,27,0,0,0,0,0,0,0,0,0,0,0,0,0,,,,
1430599023.89314,pg_catalog,pg_depend,3,20120,2731,2507,348,0,256,0,6672,256,103,3172,39,6884,,,,
1430599023.89314,pg_toast,pg_toast_2604,0,0,0,0,0,0,0,0,0,0,0,0,0,0,,,,
1430599023.89314,pg_catalog,pg_shseclabel,18,0,9,0,0,0,0,0,0,0,0,0,9,0,,,,
1430599023.89314,information_schema,sql_features,1,672,,,0,0,0,0,672,0,14,0,,,0,0,0,0
1430599023.89314,pg_toast,pg_toast_12319,0,0,0,0,0,0,0,0,0,0,0,0,0,0,,,,
1430599023.89314,pg_catalog,pg_description,2,7372,252,0,0,0,0,0,3686,0,64,32,6,501,0,0,0,0
1430599023.89314,pg_catalog,pg_namespace,21,126,1317,1195,0,0,0,0,6,0,14,1203,47,1427,,,,
1430599023.89314,information_schema,sql_sizing_profiles,1,0,,,0,0,0,0,0,0,0,0,,,0,0,0,0
1430599023.89314,pg_catalog,pg_foreign_server,3,0,0,0,0,0,0,0,0,0,0,0,0,0,,,,
1430599083.88662,public,orders,6,180000,393663,667030,241864,187500,0,121761,238956,41931,92487,1157538,57732,2710679,,,,
1430599083.88662,pg_catalog,pg_operator,3,2295,663,3073,0,0,0,0,765,0,82,2180,86,1411,,,,
1430599083.88662,pg_catalog,pg_extension,3,3,0,0,0,0,0,0,1,0,2,2,0,0,,,,
1430599083.88662,pg_catalog,pg_authid,384,384,9088,9088,0,0,0,0,1,0,46,9435,160,18016,,,,
1430599083.88662,pg_catalog,pg_statistic,2,798,4813,4580,92,696,0,323,491,107,271,6257,67,10617,217,2167,15,1497
1430599083.88662,pg_catalog,pg_opfamily,3,258,0,0,0,0,0,0,86,0,4,4,0,0,,,,
1430599083.88662,pg_catalog,pg_shdescription,22,63,9,0,0,0,0,0,3,0,19,12,19,0,0,0,0,0
1430599083.88662,public,district,231022,2134920,650194,650194,10,413111,0,407712,10,1158,7009,33136569,10,1502131,,,,
1430599083.88662,pg_catalog,pg_event_trigger,3,0,27,0,0,0,0,0,0,0,0,0,2,25,,,,
1430599083.88662,pg_catalog,pg_user_mapping,3,0,0,0,0,0,0,0,0,0,0,0,0,0,,,,
1430599083.88662,pg_catalog,pg_inherits,3,0,84,0,0,0,0,0,0,0,0,0,2,82,,,,
1430599083.88662,pg_toast,pg_toast_3596,0,0,0,0,0,0,0,0,0,0,0,0,0,0,,,,
1430599083.88662,pg_catalog,pg_rewrite,3,327,65,65,0,0,0,0,109,0,67,42,18,94,99,48,40,234
1430599083.88662,pg_catalog,pg_foreign_data_wrapper,3,0,0,0,0,0,0,0,0,0,0,0,0,0,,,,
1430599083.88662,pg_catalog,pg_largeobject_metadata,2,0,0,0,0,0,0,0,0,0,0,0,0,0,,,,
1430599083.88662,pg_catalog,pg_opclass,15,396,706,9607,0,0,0,0,128,0,52,3394,65,833,,,,
1430599083.88662,pg_catalog,pg_attrdef,3,0,0,0,0,0,0,0,0,0,0,0,0,0,0,0,0,0
1430599083.88662,pg_catalog,pg_default_acl,3,0,59,0,0,0,0,0,0,0,0,0,2,57,,,,
1430599083.88662,public,history,1,30000,,,231247,0,0,0,227546,0,6649,206971,,,,,,
1430599083.88662,pg_catalog,pg_aggregate,2,266,31,31,0,0,0,0,133,0,13,24,18,34,,,,
1430599083.88662,pg_toast,pg_toast_12329,0,0,0,0,0,0,0,0,0,0,0,0,0,0,,,,
1430599083.88662,pg_catalog,pg_ts_dict,3,48,0,0,0,0,0,0,16,0,2,2,0,0,,,,
1430599083.88662,pg_catalog,pg_index,93,6075,2284,2806,27,0,17,0,123,17,61,2508,72,2519,,,,
1430599083.88662,public,warehouse,36350,27423,586939,586939,1,201247,0,197537,1,1080,3348,19139914,8,590728,,,,
1430599083.88662,pg_catalog,pg_tablespace,57,114,3467,3467,0,0,0,0,2,0,42,3491,83,6883,,,,
1430599083.88662,pg_toast,pg_toast_2619,0,0,1242,3697,235,0,174,0,92,108,217,2167,15,1497,,,,
1430599083.88662,pg_catalog,pg_constraint,5,50,8,0,8,0,0,0,10,0,6,33,8,64,0,0,0,0
1430599083.88662,pg_toast,pg_toast_2618,0,0,107,337,0,0,0,0,0,0,99,48,20,117,,,,
1430599083.88662,pg_catalog,pg_cast,3,594,4045,873,0,0,0,0,198,0,22,859,29,4104,,,,
1430599083.88662,public,item,4,400000,2226131,2224031,100000,0,0,0,100000,0,39166,2195231,1119,4461766,,,,
1430599083.88662,public,customer,6,180000,952283,2373508,30000,388747,0,333391,28854,13968,150581,3341490,22289,2324978,,,,
1430599083.88662,pg_catalog,pg_ts_config,3,48,0,0,0,0,0,0,16,0,2,2,0,0,,,,
1430599083.88662,pg_catalog,pg_ts_parser,3,3,0,0,0,0,0,0,1,0,2,2,0,0,,,,
1430599083.88662,pg_toast,pg_toast_2620,0,0,0,0,0,0,0,0,0,0,0,0,0,0,,,,
1430599083.88662,pg_toast,pg_toast_2396,0,0,0,0,0,0,0,0,0,0,0,0,0,0,,,,
1430599083.88662,pg_catalog,pg_largeobject,2,0,0,0,0,0,0,0,0,0,0,0,0,0,,,,
1430599083.88662,pg_catalog,pg_enum,4,0,0,0,0,0,0,0,0,0,0,0,0,0,,,,
1430599083.88662,pg_catalog,pg_foreign_table,2,0,0,0,0,0,0,0,0,0,0,0,0,0,,,,
1430599083.88662,pg_catalog,pg_collation,3,1806,0,0,0,0,0,0,602,0,38,38,0,0,,,,
1430599083.88662,pg_catalog,pg_am,148,160,0,0,0,0,0,0,5,0,15,134,0,0,,,,
1430599083.88662,pg_catalog,pg_proc,3,8073,1271,1732,6,0,0,0,2691,0,272,1497,129,2621,0,0,0,0
1430599083.88662,pg_catalog,pg_shdepend,27,27,3062,766,0,0,0,0,1,0,19,783,76,3186,,,,
1430599083.88662,pg_catalog,pg_language,4,16,10,10,0,0,0,0,4,0,2,13,4,18,,,,
1430599083.88662,public,new_order,4,36000,375000,353702,220864,0,164190,0,54437,63195,4636,17929672,3605,4731449,,,,
1430599083.88662,pg_catalog,pg_range,2,12,2,0,0,0,0,0,6,0,2,1,2,2,,,,
1430599083.88662,pg_catalog,pg_attribute,70,8092,6601,23761,1401,20,1219,0,2491,0,478,11378,154,19012,,,,
1430599083.88662,pg_catalog,pg_database,2089,8149,62932,62912,10,0,9,0,4,0,18,65029,198,75024,,,,
1430599083.88662,pg_catalog,pg_conversion,4,528,0,0,0,0,0,0,132,0,6,9,0,0,,,,
1430599083.88662,pg_catalog,pg_type,3,1093,2458,2099,173,0,151,0,361,0,77,2457,65,5547,,,,
1430599083.88662,pg_catalog,pg_trigger,4,0,0,0,0,0,0,0,0,0,0,0,0,0,0,0,0,0
1430599083.88662,public,stock,4,400000,4849339,4466706,100000,2224031,0,0,107756,1375711,385358,16078454,7840,21590693,,,,
1430599083.88662,information_schema,sql_implementation_info,1,12,,,0,0,0,0,12,0,2,0,,,0,0,0,0
1430599083.88662,information_schema,sql_languages,1,4,,,0,0,0,0,4,0,2,0,,,0,0,0,0
1430599083.88662,pg_toast,pg_toast_12309,0,0,0,0,0,0,0,0,0,0,0,0,0,0,,,,
1430599083.88662,pg_toast,pg_toast_12334,0,0,0,0,0,0,0,0,0,0,0,0,0,0,,,,
1430599083.88662,public,order_line,4,1138512,412539,4510445,2508659,1959551,0,983678,2351174,1097370,115174,9054523,47651,10886772,,,,
1430599083.88662,pg_catalog,pg_amop,4,1744,819,1013,0,0,0,0,436,0,47,986,101,1703,,,,
1430599083.88662,pg_toast,pg_toast_1255,0,0,0,0,0,0,0,0,0,0,0,0,0,0,,,,
1430599083.88662,pg_toast,pg_toast_12314,0,0,0,0,0,0,0,0,0,0,0,0,0,0,,,,
1430599083.88662,pg_toast,pg_toast_12324,0,0,0,0,0,0,0,0,0,0,0,0,0,0,,,,
1430599083.88662,pg_catalog,pg_amproc,15,1056,529,786,0,0,0,0,344,0,33,518,55,1137,,,,
1430599083.88662,pg_toast,pg_toast_2964,0,0,0,0,0,0,0,0,0,0,0,0,0,0,,,,
1430599083.88662,pg_catalog,pg_ts_template,3,15,0,0,0,0,0,0,5,0,2,2,0,0,,,,
1430599083.88662,pg_catalog,pg_db_role_setting,27,0,24572,0,0,0,0,0,0,0,0,0,48,24524,0,0,0,0
1430599083.88662,pg_toast,pg_toast_2609,0,0,0,0,0,0,0,0,0,0,0,0,0,0,,,,
1430599083.88662,information_schema,sql_parts,1,9,,,0,0,0,0,9,0,2,0,,,0,0,0,0
1430599083.88662,pg_catalog,pg_class,167,23883,8752,7607,122,324,101,69,316,0,160,10019,142,14316,,,,
1430599083.88662,pg_catalog,pg_seclabel,2,0,252,0,0,0,0,0,0,0,0,0,2,250,0,0,0,0
1430599083.88662,pg_catalog,pg_ts_config_map,2,608,0,0,0,0,0,0,304,0,4,2,0,0,,,,
1430599083.88662,information_schema,sql_sizing,1,23,,,0,0,0,0,23,0,2,0,,,0,0,0,0
1430599083.88662,pg_toast,pg_toast_12339,0,0,0,0,0,0,0,0,0,0,0,0,0,0,,,,
1430599083.88662,information_schema,sql_packages,1,10,,,0,0,0,0,10,0,2,0,,,0,0,0,0
1430599083.88662,pg_toast,pg_toast_2606,0,0,0,0,0,0,0,0,0,0,0,0,0,0,,,,
1430599083.88662,pg_catalog,pg_pltemplate,18,144,0,0,0,0,0,0,8,0,18,9,0,0,,,,
1430599083.88662,pg_catalog,pg_auth_members,27,0,0,0,0,0,0,0,0,0,0,0,0,0,,,,
1430599083.88662,pg_catalog,pg_depend,3,20120,2731,2507,348,0,256,0,6672,256,103,3172,39,6884,,,,
1430599083.88662,pg_toast,pg_toast_2604,0,0,0,0,0,0,0,0,0,0,0,0,0,0,,,,
1430599083.88662,pg_catalog,pg_shseclabel,18,0,9,0,0,0,0,0,0,0,0,0,9,0,,,,
1430599083.88662,information_schema,sql_features,1,672,,,0,0,0,0,672,0,14,0,,,0,0,0,0
1430599083.88662,pg_toast,pg_toast_12319,0,0,0,0,0,0,0,0,0,0,0,0,0,0,,,,
1430599083.88662,pg_catalog,pg_description,2,7372,252,0,0,0,0,0,3686,0,64,32,6,501,0,0,0,0
1430599083.88662,pg_catalog,pg_namespace,23,138,1455,1328,0,0,0,0,6,0,15,1337,51,1568,,,,
1430599083.88662,information_schema,sql_sizing_profiles,1,0,,,0,0,0,0,0,0,0,0,,,0,0,0,0
1430599083.88662,pg_catalog,pg_foreign_server,3,0,0,0,0,0,0,0,0,0,0,0,0,0,,,,
1430599143.88637,public,orders,6,180000,426396,742937,259225,203120,0,127067,245760,1983,112643,1274295,72062,2962184,,,,
1430599143.88637,pg_catalog,pg_operator,3,2295,680,3090,0,0,0,0,765,0,85,2194,92,1447,,,,
1430599143.88637,pg_catalog,pg_extension,3,3,0,0,0,0,0,0,1,0,2,2,0,0,,,,
1430599143.88637,pg_catalog,pg_authid,384,384,9088,9088,0,0,0,0,1,0,46,9435,160,18016,,,,
1430599143.88637,pg_catalog,pg_statistic,2,798,4868,4629,92,696,0,323,491,106,277,6300,71,10728,217,2167,15,1497
1430599143.88637,pg_catalog,pg_opfamily,3,258,0,0,0,0,0,0,86,0,4,4,0,0,,,,
1430599143.88637,pg_catalog,pg_shdescription,22,63,9,0,0,0,0,0,3,0,19,12,19,0,0,0,0,0
1430599143.88637,public,district,231022,2134920,721200,721200,10,447199,0,440813,10,24733,7422,36124141,10,1674133,,,,
1430599143.88637,pg_catalog,pg_event_trigger,3,0,27,0,0,0,0,0,0,0,0,0,2,25,,,,
1430599143.88637,pg_catalog,pg_user_mapping,3,0,0,0,0,0,0,0,0,0,0,0,0,0,,,,
1430599143.88637,pg_catalog,pg_inherits,3,0,84,0,0,0,0,0,0,0,0,0,2,82,,,,
1430599143.88637,pg_toast,pg_toast_3596,0,0,0,0,0,0,0,0,0,0,0,0,0,0,,,,
1430599143.88637,pg_catalog,pg_rewrite,3,327,72,72,0,0,0,0,109,0,72,44,20,104,105,49,44,246
1430599143.88637,pg_catalog,pg_foreign_data_wrapper,3,0,0,0,0,0,0,0,0,0,0,0,0,0,,,,
1430599143.88637,pg_catalog,pg_largeobject_metadata,2,0,0,0,0,0,0,0,0,0,0,0,0,0,,,,
1430599143.88637,pg_catalog,pg_opclass,15,396,723,9791,0,0,0,0,128,0,55,3460,69,855,,,,
1430599143.88637,pg_catalog,pg_attrdef,3,0,0,0,0,0,0,0,0,0,0,0,0,0,0,0,0,0
1430599143.88637,pg_catalog,pg_default_acl,3,0,59,0,0,0,0,0,0,0,0,0,2,57,,,,
1430599143.88637,public,history,1,30000,,,247974,0,0,0,244273,0,6838,224076,,,,,,
1430599143.88637,pg_catalog,pg_aggregate,2,266,32,32,0,0,0,0,133,0,14,24,20,34,,,,
1430599143.88637,pg_toast,pg_toast_12329,0,0,0,0,0,0,0,0,0,0,0,0,0,0,,,,
1430599143.88637,pg_catalog,pg_ts_dict,3,48,0,0,0,0,0,0,16,0,2,2,0,0,,,,
1430599143.88637,pg_catalog,pg_index,98,6690,2372,2917,27,0,17,0,123,17,64,2608,76,2614,,,,
1430599143.88637,public,warehouse,36350,27423,637754,637754,1,217974,0,213958,1,12864,3563,23316663,8,641849,,,,
1430599143.88637,pg_catalog,pg_tablespace,57,114,3467,3467,0,0,0,0,2,0,42,3491,83,6883,,,,
1430599143.88637,pg_toast,pg_toast_2619,0,0,1242,3697,235,0,174,0,92,108,217,2167,15,1497,,,,
1430599143.88637,pg_catalog,pg_constraint,5,50,8,0,8,0,0,0,10,0,6,33,8,64,0,0,0,0
1430599143.88637,pg_toast,pg_toast_2618,0,0,112,353,0,0,0,0,0,0,105,49,22,123,,,,
1430599143.88637,pg_catalog,pg_cast,3,594,4114,901,0,0,0,0,198,0,23,886,31,4176,,,,
1430599143.88637,public,item,4,400000,2408351,2406062,100000,0,0,0,100000,0,45125,2371303,1278,4826873,,,,
1430599143.88637,public,customer,6,180000,1031192,2572768,30000,421094,0,358773,28854,26557,178818,3631586,26408,2527433,,,,
1430599143.88637,pg_catalog,pg_ts_config,3,48,0,0,0,0,0,0,16,0,2,2,0,0,,,,
1430599143.88637,pg_catalog,pg_ts_parser,3,3,0,0,0,0,0,0,1,0,2,2,0,0,,,,
1430599143.88637,pg_toast,pg_toast_2620,0,0,0,0,0,0,0,0,0,0,0,0,0,0,,,,
1430599143.88637,pg_toast,pg_toast_2396,0,0,0,0,0,0,0,0,0,0,0,0,0,0,,,,
1430599143.88637,pg_catalog,pg_largeobject,2,0,0,0,0,0,0,0,0,0,0,0,0,0,,,,
1430599143.88637,pg_catalog,pg_enum,4,0,0,0,0,0,0,0,0,0,0,0,0,0,,,,
1430599143.88637,pg_catalog,pg_foreign_table,2,0,0,0,0,0,0,0,0,0,0,0,0,0,,,,
1430599143.88637,pg_catalog,pg_collation,3,1806,0,0,0,0,0,0,602,0,38,38,0,0,,,,
1430599143.88637,pg_catalog,pg_am,154,166,0,0,0,0,0,0,5,0,16,139,0,0,,,,
1430599143.88637,pg_catalog,pg_proc,3,8073,1349,1845,6,0,0,0,2691,0,285,1577,141,2775,0,0,0,0
1430599143.88637,pg_catalog,pg_shdepend,27,27,3062,766,0,0,0,0,1,0,19,783,76,3186,,,,
1430599143.88637,pg_catalog,pg_language,4,16,10,10,0,0,0,0,4,0,2,13,4,18,,,,
1430599143.88637,public,new_order,4,36000,406240,383058,238225,0,177790,0,57687,15731,4810,22460777,3822,5008199,,,,
1430599143.88637,pg_catalog,pg_range,2,12,2,0,0,0,0,0,6,0,2,1,2,2,,,,
1430599143.88637,pg_catalog,pg_attribute,70,8092,6899,24652,1401,20,1219,0,2491,0,493,11703,161,19609,,,,
1430599143.88637,pg_catalog,pg_database,2089,8149,62932,62912,10,0,9,0,4,0,18,65029,198,75024,,,,
1430599143.88637,pg_catalog,pg_conversion,4,528,0,0,0,0,0,0,132,0,6,9,0,0,,,,
1430599143.88637,pg_catalog,pg_type,3,1093,2550,2191,173,0,151,0,361,0,81,2545,68,5733,,,,
1430599143.88637,pg_catalog,pg_trigger,4,0,0,0,0,0,0,0,0,0,0,0,0,0,0,0,0,0
1430599143.88637,public,stock,4,400000,5242974,4832078,100000,2406060,0,0,98843,174676,439777,18759927,8988,23365287,,,,
1430599143.88637,information_schema,sql_implementation_info,1,12,,,0,0,0,0,12,0,2,0,,,0,0,0,0
1430599143.88637,information_schema,sql_languages,1,4,,,0,0,0,0,4,0,2,0,,,0,0,0,0
1430599143.88637,pg_toast,pg_toast_12309,0,0,0,0,0,0,0,0,0,0,0,0,0,0,,,,
1430599143.88637,pg_toast,pg_toast_12334,0,0,0,0,0,0,0,0,0,0,0,0,0,0,,,,
1430599143.88637,public,order_line,4,1138512,446792,4884189,2690688,2123884,0,1031113,1150752,309173,129073,9968050,51906,11890270,,,,
1430599143.88637,pg_catalog,pg_amop,4,1744,852,1054,0,0,0,0,436,0,49,1025,107,1771,,,,
1430599143.88637,pg_toast,pg_toast_1255,0,0,0,0,0,0,0,0,0,0,0,0,0,0,,,,
1430599143.88637,pg_toast,pg_toast_12314,0,0,0,0,0,0,0,0,0,0,0,0,0,0,,,,
1430599143.88637,pg_toast,pg_toast_12324,0,0,0,0,0,0,0,0,0,0,0,0,0,0,,,,
1430599143.88637,pg_catalog,pg_amproc,15,1056,545,811,0,0,0,0,344,0,34,533,58,1172,,,,
1430599143.88637,pg_toast,pg_toast_2964,0,0,0,0,0,0,0,0,0,0,0,0,0,0,,,,
1430599143.88637,pg_catalog,pg_ts_template,3,15,0,0,0,0,0,0,5,0,2,2,0,0,,,,
1430599143.88637,pg_catalog,pg_db_role_setting,27,0,24572,0,0,0,0,0,0,0,0,0,48,24524,0,0,0,0
1430599143.88637,pg_toast,pg_toast_2609,0,0,0,0,0,0,0,0,0,0,0,0,0,0,,,,
1430599143.88637,information_schema,sql_parts,1,9,,,0,0,0,0,9,0,2,0,,,0,0,0,0
1430599143.88637,pg_catalog,pg_class,173,25779,9256,7988,122,324,101,69,316,0,169,10440,154,14881,,,,
1430599143.88637,pg_catalog,pg_seclabel,2,0,252,0,0,0,0,0,0,0,0,0,2,250,0,0,0,0
1430599143.88637,pg_catalog,pg_ts_config_map,2,608,0,0,0,0,0,0,304,0,4,2,0,0,,,,
1430599143.88637,information_schema,sql_sizing,1,23,,,0,0,0,0,23,0,2,0,,,0,0,0,0
1430599143.88637,pg_toast,pg_toast_12339,0,0,0,0,0,0,0,0,0,0,0,0,0,0,,,,
1430599143.88637,information_schema,sql_packages,1,10,,,0,0,0,0,10,0,2,0,,,0,0,0,0
1430599143.88637,pg_toast,pg_toast_2606,0,0,0,0,0,0,0,0,0,0,0,0,0,0,,,,
1430599143.88637,pg_catalog,pg_pltemplate,18,144,0,0,0,0,0,0,8,0,18,9,0,0,,,,
1430599143.88637,pg_catalog,pg_auth_members,27,0,0,0,0,0,0,0,0,0,0,0,0,0,,,,
1430599143.88637,pg_catalog,pg_depend,3,20120,2731,2507,348,0,256,0,6672,256,103,3172,39,6884,,,,
1430599143.88637,pg_toast,pg_toast_2604,0,0,0,0,0,0,0,0,0,0,0,0,0,0,,,,
1430599143.88637,pg_catalog,pg_shseclabel,18,0,9,0,0,0,0,0,0,0,0,0,9,0,,,,
1430599143.88637,information_schema,sql_features,1,672,,,0,0,0,0,672,0,14,0,,,0,0,0,0
1430599143.88637,pg_toast,pg_toast_12319,0,0,0,0,0,0,0,0,0,0,0,0,0,0,,,,
1430599143.88637,pg_catalog,pg_description,2,7372,252,0,0,0,0,0,3686,0,64,32,6,501,0,0,0,0
1430599143.88637,pg_catalog,pg_namespace,25,150,1593,1461,0,0,0,0,6,0,16,1471,55,1709,,,,
1430599143.88637,information_schema,sql_sizing_profiles,1,0,,,0,0,0,0,0,0,0,0,,,0,0,0,0
1430599143.88637,pg_catalog,pg_foreign_server,3,0,0,0,0,0,0,0,0,0,0,0,0,0,,,,
1430599203.95633,pg_catalog,pg_operator,0,0,2,2,0,0,0,0,0,0,1,1,6,0,,,,
1430599203.95633,pg_catalog,pg_extension,0,0,0,0,0,0,0,0,0,0,0,0,0,0,,,,
1430599203.95633,public,district,0,0,,,20,0,0,0,20,0,1,0,,,,,,
1430599203.95633,public,new_order,0,0,,,0,0,0,0,0,0,0,0,,,,,,
1430599203.95633,public,orders,0,0,,,0,0,0,0,0,0,0,0,,,,,,
1430599203.95633,pg_catalog,pg_authid,387,387,9121,9121,0,0,0,0,1,0,52,9465,178,18064,,,,
1430599203.95633,pg_catalog,pg_statistic,0,0,1,1,0,0,0,0,0,0,1,0,3,0,0,0,0,0
1430599203.95633,pg_catalog,pg_opfamily,0,0,0,0,0,0,0,0,0,0,0,0,0,0,,,,
1430599203.95633,pg_catalog,pg_shdescription,22,63,9,0,0,0,0,0,3,0,19,12,19,0,0,0,0,0
1430599203.95633,pg_catalog,pg_event_trigger,0,0,9,0,0,0,0,0,0,0,0,0,1,8,,,,
1430599203.95633,pg_catalog,pg_user_mapping,0,0,0,0,0,0,0,0,0,0,0,0,0,0,,,,
1430599203.95633,pg_catalog,pg_inherits,0,0,0,0,0,0,0,0,0,0,0,0,0,0,,,,
1430599203.95633,pg_toast,pg_toast_3596,0,0,0,0,0,0,0,0,0,0,0,0,0,0,,,,
1430599203.95633,pg_catalog,pg_rewrite,0,0,0,0,0,0,0,0,0,0,0,0,0,0,0,0,0,0
1430599203.95633,pg_catalog,pg_foreign_data_wrapper,0,0,0,0,0,0,0,0,0,0,0,0,0,0,,,,
1430599203.95633,pg_catalog,pg_largeobject_metadata,0,0,0,0,0,0,0,0,0,0,0,0,0,0,,,,
1430599203.95633,pg_catalog,pg_opclass,2,2,29,29,0,0,0,0,0,0,1,30,2,43,,,,
1430599203.95633,pg_catalog,pg_attrdef,0,0,0,0,0,0,0,0,0,0,0,0,0,0,0,0,0,0
1430599203.95633,pg_catalog,pg_default_acl,0,0,36,0,0,0,0,0,0,0,0,0,1,35,,,,
1430599203.95633,public,order_line,0,0,,,0,0,0,0,0,0,0,0,,,,,,
1430599203.95633,pg_catalog,pg_aggregate,0,0,0,0,0,0,0,0,0,0,0,0,0,0,,,,
1430599203.95633,pg_toast,pg_toast_12329,0,0,0,0,0,0,0,0,0,0,0,0,0,0,,,,
1430599203.95633,pg_catalog,pg_ts_dict,0,0,0,0,0,0,0,0,0,0,0,0,0,0,,,,
1430599203.95633,pg_catalog,pg_index,7,7,147,193,0,0,0,0,0,0,3,164,4,169,,,,
1430599203.95633,pg_catalog,pg_tablespace,57,114,3482,3482,0,0,0,0,2,0,45,3503,89,6907,,,,
1430599203.95633,pg_toast,pg_toast_2619,0,0,0,0,0,0,0,0,0,0,0,0,0,0,,,,
1430599203.95633,pg_catalog,pg_constraint,0,0,0,0,0,0,0,0,0,0,0,0,0,0,0,0,0,0
1430599203.95633,pg_toast,pg_toast_2618,0,0,0,0,0,0,0,0,0,0,0,0,0,0,,,,
1430599203.95633,pg_catalog,pg_cast,0,0,0,0,0,0,0,0,0,0,0,0,0,0,,,,
1430599203.95633,pg_catalog,pg_ts_config,0,0,0,0,0,0,0,0,0,0,0,0,0,0,,,,
1430599203.95633,pg_catalog,pg_ts_parser,0,0,0,0,0,0,0,0,0,0,0,0,0,0,,,,
1430599203.95633,pg_toast,pg_toast_2620,0,0,0,0,0,0,0,0,0,0,0,0,0,0,,,,
1430599203.95633,pg_toast,pg_toast_2396,0,0,0,0,0,0,0,0,0,0,0,0,0,0,,,,
1430599203.95633,pg_catalog,pg_largeobject,0,0,0,0,0,0,0,0,0,0,0,0,0,0,,,,
1430599203.95633,pg_catalog,pg_enum,0,0,0,0,0,0,0,0,0,0,0,0,0,0,,,,
1430599203.95633,pg_catalog,pg_foreign_table,0,0,0,0,0,0,0,0,0,0,0,0,0,0,,,,
1430599203.95633,pg_catalog,pg_collation,0,0,0,0,0,0,0,0,0,0,0,0,0,0,,,,
1430599203.95633,pg_catalog,pg_am,16,16,0,0,0,0,0,0,0,0,1,15,0,0,,,,
1430599203.95633,pg_catalog,pg_proc,0,0,1,1,0,0,0,0,0,0,1,0,3,0,0,0,0,0
1430599203.95633,pg_catalog,pg_shdepend,27,27,3062,766,0,0,0,0,1,0,19,783,76,3186,,,,
1430599203.95633,public,item,0,0,,,100000,0,0,0,100000,0,1283,2678,,,,,,
1430599203.95633,pg_catalog,pg_language,1,4,0,0,0,0,0,0,0,0,1,0,2,0,,,,
1430599203.95633,pg_catalog,pg_range,0,0,0,0,0,0,0,0,0,0,0,0,0,0,,,,
1430599203.95633,pg_catalog,pg_attribute,11,75,184,717,146,0,0,0,146,0,25,472,9,969,,,,
1430599203.95633,pg_catalog,pg_database,2096,8177,63034,63014,10,0,9,0,4,0,21,65135,217,75145,,,,
1430599203.95633,pg_catalog,pg_conversion,0,0,0,0,0,0,0,0,0,0,0,0,0,0,,,,
1430599203.95633,pg_catalog,pg_type,0,0,126,90,18,0,0,0,18,0,8,137,8,339,,,,
1430599203.95633,pg_catalog,pg_trigger,0,0,0,0,0,0,0,0,0,0,0,0,0,0,0,0,0,0
1430599203.95633,information_schema,sql_implementation_info,0,0,,,0,0,0,0,0,0,0,0,,,0,0,0,0
1430599203.95633,information_schema,sql_languages,0,0,,,0,0,0,0,0,0,0,0,,,0,0,0,0
1430599203.95633,public,customer,0,0,,,0,0,0,0,0,0,0,0,,,,,,
1430599203.95633,pg_toast,pg_toast_12309,0,0,0,0,0,0,0,0,0,0,0,0,0,0,,,,
1430599203.95633,pg_toast,pg_toast_12334,0,0,0,0,0,0,0,0,0,0,0,0,0,0,,,,
1430599203.95633,pg_catalog,pg_amop,0,0,2,3,0,0,0,0,0,0,2,1,6,0,,,,
1430599203.95633,pg_toast,pg_toast_1255,0,0,0,0,0,0,0,0,0,0,0,0,0,0,,,,
1430599203.95633,pg_toast,pg_toast_12314,0,0,0,0,0,0,0,0,0,0,0,0,0,0,,,,
1430599203.95633,pg_toast,pg_toast_12324,0,0,0,0,0,0,0,0,0,0,0,0,0,0,,,,
1430599203.95633,pg_catalog,pg_amproc,2,4,29,55,0,0,0,0,0,0,3,32,3,71,,,,
1430599203.95633,pg_toast,pg_toast_2964,0,0,0,0,0,0,0,0,0,0,0,0,0,0,,,,
1430599203.95633,pg_catalog,pg_ts_template,0,0,0,0,0,0,0,0,0,0,0,0,0,0,,,,
1430599203.95633,pg_catalog,pg_db_role_setting,27,0,24648,0,0,0,0,0,0,0,0,0,53,24595,0,0,0,0
1430599203.95633,public,history,0,0,,,0,0,0,0,0,0,0,0,,,,,,
1430599203.95633,pg_toast,pg_toast_2609,0,0,0,0,0,0,0,0,0,0,0,0,0,0,,,,
1430599203.95633,information_schema,sql_parts,0,0,,,0,0,0,0,0,0,0,0,,,0,0,0,0
1430599203.95633,pg_catalog,pg_class,11,11,218,196,9,0,0,0,9,0,12,259,13,516,,,,
1430599203.95633,pg_catalog,pg_seclabel,0,0,0,0,0,0,0,0,0,0,0,0,0,0,0,0,0,0
1430599203.95633,pg_catalog,pg_ts_config_map,0,0,0,0,0,0,0,0,0,0,0,0,0,0,,,,
1430599203.95633,information_schema,sql_sizing,0,0,,,0,0,0,0,0,0,0,0,,,0,0,0,0
1430599203.95633,pg_toast,pg_toast_12339,0,0,0,0,0,0,0,0,0,0,0,0,0,0,,,,
1430599203.95633,information_schema,sql_packages,0,0,,,0,0,0,0,0,0,0,0,,,0,0,0,0
1430599203.95633,pg_toast,pg_toast_2606,0,0,0,0,0,0,0,0,0,0,0,0,0,0,,,,
1430599203.95633,public,warehouse,0,0,,,2,0,0,0,2,0,1,0,,,,,,
1430599203.95633,pg_catalog,pg_pltemplate,18,144,0,0,0,0,0,0,8,0,18,9,0,0,,,,
1430599203.95633,pg_catalog,pg_auth_members,27,0,0,0,0,0,0,0,0,0,0,0,0,0,,,,
1430599203.95633,pg_catalog,pg_depend,0,0,200,181,27,0,0,0,27,0,8,227,13,513,,,,
1430599203.95633,pg_toast,pg_toast_2604,0,0,0,0,0,0,0,0,0,0,0,0,0,0,,,,
1430599203.95633,pg_catalog,pg_shseclabel,18,0,9,0,0,0,0,0,0,0,0,0,9,0,,,,
1430599203.95633,information_schema,sql_features,0,0,,,0,0,0,0,0,0,0,0,,,0,0,0,0
1430599203.95633,pg_toast,pg_toast_12319,0,0,0,0,0,0,0,0,0,0,0,0,0,0,,,,
1430599203.95633,pg_catalog,pg_description,0,0,0,0,0,0,0,0,0,0,0,0,0,0,0,0,0,0
1430599203.95633,pg_catalog,pg_namespace,0,0,47,33,0,0,0,0,0,0,1,32,4,66,,,,
1430599203.95633,public,stock,0,0,,,200000,0,0,0,200000,0,8700,17386,,,,,,
1430599203.95633,information_schema,sql_sizing_profiles,0,0,,,0,0,0,0,0,0,0,0,,,0,0,0,0
1430599203.95633,pg_catalog,pg_foreign_server,0,0,0,0,0,0,0,0,0,0,0,0,0,0,,,,
